"dm, P, ""N(d), s(d)"""
"8,2,""{2*d^2, -d + d^2}"""
"8,2,""{-4 + 2*d^2, -4 - d + d^2}"""
"8,2,""{2 - 2*d + 2*d^2, 2 - 2*d + d^2}"""
"8,2,""{-3 - d + 2*d^2, -3 - (3*d)/2 + d^2}"""
"8,2,""{1 - d + 2*d^2, 1 - (3*d)/2 + d^2}"""
"8,2,""{3 - d + 2*d^2, 2 - (3*d)/2 + d^2}"""
"8,2,""{-7 + d + 2*d^2, -6 - d/2 + d^2}"""
"8,2,""{-5 + d + 2*d^2, -1 - d/2 + d^2}"""
"8,2,""{-3 + d + 2*d^2, -1/2*d + d^2}"""
"8,2,""{1 + d + 2*d^2, -1/2*d + d^2}"""
"8,2,""{-2 + 2*d + 2*d^2, d^2}"""
"9,2,""{2*d^2, -1 + 8*d}"""
"9,2,""{2*d^2, 1 + 8*d}"""
"9,2,""{2*d^2, -1 - d + d^2}"""
"9,2,""{2*d^2, 1 - d + d^2}"""
"9,2,""{-2 + 2*d^2, -d + d^2}"""
"9,2,""{2 + 2*d^2, 2 - d + d^2}"""
"9,2,""{2 - 2*d + 2*d^2, 1 - 2*d + d^2}"""
"9,2,""{-2 - d + 2*d^2, 1/2 - (3*d)/2 + d^2}"""
"9,2,""{-d + 2*d^2, -3 + 8*d}"""
"9,2,""{-d + 2*d^2, -1/2 - (3*d)/2 + d^2}"""
"9,2,""{-d + 2*d^2, 3/2 - (3*d)/2 + d^2}"""
"9,2,""{2 - d + 2*d^2, 1/2 - (3*d)/2 + d^2}"""
"9,2,""{-2 + d + 2*d^2, -5/2 - d/2 + d^2}"""
"9,2,""{d + 2*d^2, 3 + 8*d}"""
"9,2,""{d + 2*d^2, -3/2 - d/2 + d^2}"""
"9,2,""{d + 2*d^2, 1/2 - d/2 + d^2}"""
"9,2,""{2 + d + 2*d^2, 3/2 - d/2 + d^2}"""
"9,2,""{-2 + 2*d + 2*d^2, -3 + d^2}"""
"12,3,""{-5 + 2*d^2, (2*d)/3 + (2*d^2)/3}"""
"12,3,""{1 + 2*d^2, (-2*d)/3 + (2*d^2)/3}"""
"12,3,""{1 + 2*d^2, (2*d)/3 + (2*d^2)/3}"""
"12,3,""{3 - 2*d + 2*d^2, (2*d^2)/3}"""
"12,3,""{5 - 2*d + 2*d^2, 2 - (4*d)/3 + (2*d^2)/3}"""
"12,3,""{-4 - d + 2*d^2, d/3 + (2*d^2)/3}"""
"12,3,""{2 - d + 2*d^2, d/3 + (2*d^2)/3}"""
"12,3,""{3 - d + 2*d^2, 1 - d + (2*d^2)/3}"""
"12,3,""{5 - d + 2*d^2, 1 + d/3 + (2*d^2)/3}"""
"12,3,""{-9 + d + 2*d^2, -1 + d + (2*d^2)/3}"""
"12,3,""{-7 + d + 2*d^2, -1 - d/3 + (2*d^2)/3}"""
"12,3,""{-4 + d + 2*d^2, -1/3*d + (2*d^2)/3}"""
"12,3,""{2 + d + 2*d^2, -1/3*d + (2*d^2)/3}"""
"12,3,""{-3 + 2*d + 2*d^2, (2*d^2)/3}"""
"13,3,""{2*d^2, -1 - (2*d)/3 + (2*d^2)/3}"""
"13,3,""{2*d^2, 1 - (2*d)/3 + (2*d^2)/3}"""
"13,3,""{2*d^2, -1 + (10*d)/3 + (2*d^2)/3}"""
"13,3,""{2*d^2, 1 + (10*d)/3 + (2*d^2)/3}"""
"13,3,""{-3 + 2*d^2, (-2*d)/3 + (2*d^2)/3}"""
"13,3,""{1 + 2*d^2, 2/3 + (2*d)/3 + (2*d^2)/3}"""
"13,3,""{3 + 2*d^2, 2 - (2*d)/3 + (2*d^2)/3}"""
"13,3,""{3 - 2*d + 2*d^2, 2/3 - (4*d)/3 + (2*d^2)/3}"""
"13,3,""{5 - 2*d + 2*d^2, 4/3 + (2*d^2)/3}"""
"13,3,""{-3 - d + 2*d^2, 1/3 - d + (2*d^2)/3}"""
"13,3,""{-d + 2*d^2, -2/3 - d + (2*d^2)/3}"""
"13,3,""{-d + 2*d^2, 4/3 - d + (2*d^2)/3}"""
"13,3,""{-d + 2*d^2, -8/3 + 3*d + (2*d^2)/3}"""
"13,3,""{-d + 2*d^2, -2/3 + 3*d + (2*d^2)/3}"""
"13,3,""{3 - d + 2*d^2, 1/3 - d + (2*d^2)/3}"""
"13,3,""{3 - d + 2*d^2, 1 + d/3 + (2*d^2)/3}"""
"13,3,""{-7 + d + 2*d^2, -11/3 + d + (2*d^2)/3}"""
"13,3,""{-4 + d + 2*d^2, -8/3 + d + (2*d^2)/3}"""
"13,3,""{-3 + d + 2*d^2, -7/3 - d/3 + (2*d^2)/3}"""
"13,3,""{d + 2*d^2, -4/3 - d/3 + (2*d^2)/3}"""
"13,3,""{d + 2*d^2, 2/3 - d/3 + (2*d^2)/3}"""
"13,3,""{d + 2*d^2, 2/3 + (11*d)/3 + (2*d^2)/3}"""
"13,3,""{2 + d + 2*d^2, 4/3 + d + (2*d^2)/3}"""
"13,3,""{3 + d + 2*d^2, 5/3 - d/3 + (2*d^2)/3}"""
"13,3,""{-3 + 2*d + 2*d^2, -8/3 + (2*d^2)/3}"""
"13,3,""{-3 + 2*d + 2*d^2, -2 + (4*d)/3 + (2*d^2)/3}"""
"14,3,""{2*d^2, -1 - (10*d)/3 + (2*d^2)/3}"""
"14,3,""{2*d^2, 1 - (10*d)/3 + (2*d^2)/3}"""
"14,3,""{2*d^2, -1 + (2*d)/3 + (2*d^2)/3}"""
"14,3,""{2*d^2, 1 + (2*d)/3 + (2*d^2)/3}"""
"14,3,""{-5 + 2*d^2, -10/3 - (2*d)/3 + (2*d^2)/3}"""
"14,3,""{-3 + 2*d^2, -2 + (2*d)/3 + (2*d^2)/3}"""
"14,3,""{1 + 2*d^2, 2/3 - (2*d)/3 + (2*d^2)/3}"""
"14,3,""{3 + 2*d^2, (2*d)/3 + (2*d^2)/3}"""
"14,3,""{3 - 2*d + 2*d^2, 4/3 + (2*d^2)/3}"""
"14,3,""{3 - 2*d + 2*d^2, 2 - (4*d)/3 + (2*d^2)/3}"""
"14,3,""{-4 - d + 2*d^2, -8/3 - d + (2*d^2)/3}"""
"14,3,""{-3 - d + 2*d^2, -7/3 + d/3 + (2*d^2)/3}"""
"14,3,""{-d + 2*d^2, 2/3 - (11*d)/3 + (2*d^2)/3}"""
"14,3,""{-d + 2*d^2, 8/3 - (11*d)/3 + (2*d^2)/3}"""
"14,3,""{-d + 2*d^2, -4/3 + d/3 + (2*d^2)/3}"""
"14,3,""{-d + 2*d^2, 2/3 + d/3 + (2*d^2)/3}"""
"14,3,""{2 - d + 2*d^2, 4/3 - d + (2*d^2)/3}"""
"14,3,""{3 - d + 2*d^2, 5/3 + d/3 + (2*d^2)/3}"""
"14,3,""{5 - d + 2*d^2, 7/3 - d + (2*d^2)/3}"""
"14,3,""{-9 + d + 2*d^2, -5 - d/3 + (2*d^2)/3}"""
"14,3,""{-3 + d + 2*d^2, 1/3 + d + (2*d^2)/3}"""
"14,3,""{d + 2*d^2, -8/3 - 3*d + (2*d^2)/3}"""
"14,3,""{d + 2*d^2, -2/3 - 3*d + (2*d^2)/3}"""
"14,3,""{d + 2*d^2, -2/3 + d + (2*d^2)/3}"""
"14,3,""{d + 2*d^2, 4/3 + d + (2*d^2)/3}"""
"14,3,""{3 + d + 2*d^2, 1/3 + d + (2*d^2)/3}"""
"14,3,""{-3 + 2*d + 2*d^2, 2/3 + (4*d)/3 + (2*d^2)/3}"""
"16,4,""{2*d^2, -1 + 14*d}"""
"16,4,""{2*d^2, 1 + 14*d}"""
"16,4,""{2*d^2, -1 - 2*d + d^2}"""
"16,4,""{2*d^2, 1 - 2*d + d^2}"""
"16,4,""{2*d^2, -d + d^2}"""
"16,4,""{-6 + 2*d^2, d/2 + d^2/2}"""
"16,4,""{-4 + 2*d^2, -4 - d + d^2}"""
"16,4,""{2 + 2*d^2, -1/2*d + d^2/2}"""
"16,4,""{2 - 2*d + 2*d^2, 2 - 2*d + d^2}"""
"16,4,""{4 - 2*d + 2*d^2, d^2/2}"""
"16,4,""{-1 - (3*d)/2 + 2*d^2, 2 - (11*d)/4 + d^2}"""
"16,4,""{1 - (3*d)/2 + 2*d^2, 1 - (11*d)/4 + d^2}"""
"16,4,""{-3 - d + 2*d^2, -3 - (3*d)/2 + d^2}"""
"16,4,""{-d + 2*d^2, -6 + 14*d}"""
"16,4,""{-d + 2*d^2, (-5*d)/2 + d^2}"""
"16,4,""{-d + 2*d^2, 2 - (5*d)/2 + d^2}"""
"16,4,""{1 - d + 2*d^2, 1 - (3*d)/2 + d^2}"""
"16,4,""{3 - d + 2*d^2, d/4 + d^2/2}"""
"16,4,""{3 - d + 2*d^2, 2 - (3*d)/2 + d^2}"""
"16,4,""{5 - d + 2*d^2, 1 - (3*d)/4 + d^2/2}"""
"16,4,""{7 - d + 2*d^2, 1 + d/4 + d^2/2}"""
"16,4,""{-1 - d/2 + 2*d^2, 1 - (9*d)/4 + d^2}"""
"16,4,""{1 - d/2 + 2*d^2, (-9*d)/4 + d^2}"""
"16,4,""{-1 + d/2 + 2*d^2, -2 - (7*d)/4 + d^2}"""
"16,4,""{1 + d/2 + 2*d^2, 1 - (7*d)/4 + d^2}"""
"16,4,""{-11 + d + 2*d^2, -1 + (3*d)/4 + d^2/2}"""
"16,4,""{-9 + d + 2*d^2, -1 - d/4 + d^2/2}"""
"16,4,""{-7 + d + 2*d^2, -6 - d/2 + d^2}"""
"16,4,""{-5 + d + 2*d^2, -1/4*d + d^2/2}"""
"16,4,""{-5 + d + 2*d^2, -1 - d/2 + d^2}"""
"16,4,""{-3 + d + 2*d^2, -1/2*d + d^2}"""
"16,4,""{d + 2*d^2, 6 + 14*d}"""
"16,4,""{d + 2*d^2, 8 + 14*d}"""
"16,4,""{d + 2*d^2, -2 - (3*d)/2 + d^2}"""
"16,4,""{d + 2*d^2, (-3*d)/2 + d^2}"""
"16,4,""{1 + d + 2*d^2, -1/2*d + d^2}"""
"16,4,""{3 + d + 2*d^2, -1/4*d + d^2/2}"""
"16,4,""{-1 + (3*d)/2 + 2*d^2, -3 - (5*d)/4 + d^2}"""
"16,4,""{1 + (3*d)/2 + 2*d^2, (-5*d)/4 + d^2}"""
"16,4,""{-4 + 2*d + 2*d^2, d^2/2}"""
"16,4,""{-2 + 2*d + 2*d^2, d^2}"""
"17,4,""{2*d^2, -1 + 16*d}"""
"17,4,""{2*d^2, 1 + 16*d}"""
"17,4,""{2*d^2, -1 - d/2 + d^2/2}"""
"17,4,""{2*d^2, 1 - d/2 + d^2/2}"""
"17,4,""{2*d^2, -1 + (11*d)/2 + d^2/2}"""
"17,4,""{2*d^2, 1 + (11*d)/2 + d^2/2}"""
"17,4,""{2*d^2, -1 - 2*d + d^2}"""
"17,4,""{2*d^2, -1 - d + d^2}"""
"17,4,""{2*d^2, 1 - d + d^2}"""
"17,4,""{-4 + 2*d^2, -1/2*d + d^2/2}"""
"17,4,""{-4 + 2*d^2, -5 - 2*d + d^2}"""
"17,4,""{-2 + 2*d^2, -d + d^2}"""
"17,4,""{2 + 2*d^2, 2 - d + d^2}"""
"17,4,""{4 + 2*d^2, 2 - d/2 + d^2/2}"""
"17,4,""{2 - 2*d + 2*d^2, 1 - 2*d + d^2}"""
"17,4,""{4 - 2*d + 2*d^2, 1/2 - d + d^2/2}"""
"17,4,""{-3/2 - (3*d)/2 + 2*d^2, -9/4 - (11*d)/4 + d^2}"""
"17,4,""{1/2 - (3*d)/2 + 2*d^2, 3/4 - (11*d)/4 + d^2}"""
"17,4,""{-4 - d + 2*d^2, 1/4 - (3*d)/4 + d^2/2}"""
"17,4,""{-2 - d + 2*d^2, 1/2 - (3*d)/2 + d^2}"""
"17,4,""{-d + 2*d^2, -7 + 16*d}"""
"17,4,""{-d + 2*d^2, -3/4 - (3*d)/4 + d^2/2}"""
"17,4,""{-d + 2*d^2, 5/4 - (3*d)/4 + d^2/2}"""
"17,4,""{-d + 2*d^2, -15/4 + (21*d)/4 + d^2/2}"""
"17,4,""{-d + 2*d^2, -7/4 + (21*d)/4 + d^2/2}"""
"17,4,""{-d + 2*d^2, -1/2 - (3*d)/2 + d^2}"""
"17,4,""{-d + 2*d^2, 3/2 - (3*d)/2 + d^2}"""
"17,4,""{2 - d + 2*d^2, 1/2 - (3*d)/2 + d^2}"""
"17,4,""{4 - d + 2*d^2, 1/4 - (3*d)/4 + d^2/2}"""
"17,4,""{-5/2 - d/2 + 2*d^2, -15/4 - (9*d)/4 + d^2}"""
"17,4,""{-1/2 - d/2 + 2*d^2, -3/4 - (9*d)/4 + d^2}"""
"17,4,""{-4 + d + 2*d^2, -9/4 - d/4 + d^2/2}"""
"17,4,""{-2 + d + 2*d^2, -5/2 - d/2 + d^2}"""
"17,4,""{d + 2*d^2, 7 + 16*d}"""
"17,4,""{d + 2*d^2, -5/4 - d/4 + d^2/2}"""
"17,4,""{d + 2*d^2, 3/4 - d/4 + d^2/2}"""
"17,4,""{d + 2*d^2, 7/4 + (23*d)/4 + d^2/2}"""
"17,4,""{d + 2*d^2, 15/4 + (23*d)/4 + d^2/2}"""
"17,4,""{d + 2*d^2, -3/2 - d/2 + d^2}"""
"17,4,""{d + 2*d^2, 1/2 - d/2 + d^2}"""
"17,4,""{2 + d + 2*d^2, 3/2 - d/2 + d^2}"""
"17,4,""{4 + d + 2*d^2, 7/4 - d/4 + d^2/2}"""
"17,4,""{-4 + 2*d + 2*d^2, -5/2 + d^2/2}"""
"17,4,""{-2 + 2*d + 2*d^2, -3 + d^2}"""
"18,4,""{2*d^2, -1 - 8*d + d^2}"""
"18,4,""{2*d^2, 1 - 8*d + d^2}"""
"18,4,""{2*d^2, -1 - 4*d + d^2}"""
"18,4,""{2*d^2, 1 - 4*d + d^2}"""
"18,4,""{2*d^2, -d + d^2}"""
"18,4,""{-6 + 2*d^2, -3 - d/2 + d^2/2}"""
"18,4,""{-4 + 2*d^2, -4 - d + d^2}"""
"18,4,""{2 + 2*d^2, 1 + d/2 + d^2/2}"""
"18,4,""{2 - 2*d + 2*d^2, 2 - 2*d + d^2}"""
"18,4,""{4 - 2*d + 2*d^2, 2 - d + d^2/2}"""
"18,4,""{-5 - d + 2*d^2, -5/2 - (3*d)/4 + d^2/2}"""
"18,4,""{-3 - d + 2*d^2, -3 - (3*d)/2 + d^2}"""
"18,4,""{-d + 2*d^2, 3 - (17*d)/2 + d^2}"""
"18,4,""{-d + 2*d^2, 5 - (17*d)/2 + d^2}"""
"18,4,""{-d + 2*d^2, 1 - (9*d)/2 + d^2}"""
"18,4,""{-d + 2*d^2, 3 - (9*d)/2 + d^2}"""
"18,4,""{1 - d + 2*d^2, 1 - (3*d)/2 + d^2}"""
"18,4,""{3 - d + 2*d^2, 3/2 - (3*d)/4 + d^2/2}"""
"18,4,""{3 - d + 2*d^2, 2 - (3*d)/2 + d^2}"""
"18,4,""{5 - d + 2*d^2, 3/2 + d/4 + d^2/2}"""
"18,4,""{7 - d + 2*d^2, 5/2 - (3*d)/4 + d^2/2}"""
"18,4,""{-11 + d + 2*d^2, -9/2 - d/4 + d^2/2}"""
"18,4,""{-9 + d + 2*d^2, -7/2 + (3*d)/4 + d^2/2}"""
"18,4,""{-7 + d + 2*d^2, -6 - d/2 + d^2}"""
"18,4,""{-5 + d + 2*d^2, -5/2 + (3*d)/4 + d^2/2}"""
"18,4,""{-5 + d + 2*d^2, -1 - d/2 + d^2}"""
"18,4,""{-3 + d + 2*d^2, -1/2*d + d^2}"""
"18,4,""{d + 2*d^2, -5 - (15*d)/2 + d^2}"""
"18,4,""{d + 2*d^2, -3 - (7*d)/2 + d^2}"""
"18,4,""{d + 2*d^2, -1 - (7*d)/2 + d^2}"""
"18,4,""{1 + d + 2*d^2, -1/2*d + d^2}"""
"18,4,""{3 + d + 2*d^2, 3/2 + (3*d)/4 + d^2/2}"""
"18,4,""{-4 + 2*d + 2*d^2, -2 + d + d^2/2}"""
"18,4,""{-2 + 2*d + 2*d^2, d^2}"""
"19,4,""{2*d^2, -1 + 16*d}"""
"19,4,""{2*d^2, 1 + 16*d}"""
"19,4,""{2*d^2, -1 + (55*d)/2 - d^2/2}"""
"19,4,""{2*d^2, 1 + (55*d)/2 - d^2/2}"""
"19,4,""{2*d^2, -1 + d/2 + d^2/2}"""
"19,4,""{2*d^2, 1 + d/2 + d^2/2}"""
"19,4,""{2*d^2, -1 + (5*d)/2 + d^2/2}"""
"19,4,""{2*d^2, 1 + (5*d)/2 + d^2/2}"""
"19,4,""{2*d^2, -1 + (13*d)/2 + d^2/2}"""
"19,4,""{2*d^2, 1 + (13*d)/2 + d^2/2}"""
"19,4,""{2*d^2, -1 + (17*d)/2 + d^2/2}"""
"19,4,""{2*d^2, 1 + (17*d)/2 + d^2/2}"""
"19,4,""{2*d^2, -1 - 5*d + d^2}"""
"19,4,""{2*d^2, 1 - 5*d + d^2}"""
"19,4,""{2*d^2, 1 - 2*d + d^2}"""
"19,4,""{2*d^2, -1 - d + d^2}"""
"19,4,""{2*d^2, 1 - d + d^2}"""
"19,4,""{2*d^2, -1 - (29*d)/2 + (3*d^2)/2}"""
"19,4,""{2*d^2, 1 - (29*d)/2 + (3*d^2)/2}"""
"19,4,""{-4 + 2*d^2, -2 + d/2 + d^2/2}"""
"19,4,""{-4 + 2*d^2, 1 - 2*d + d^2}"""
"19,4,""{-2 + 2*d^2, -d + d^2}"""
"19,4,""{2 + 2*d^2, 2 - d + d^2}"""
"19,4,""{4 + 2*d^2, d/2 + d^2/2}"""
"19,4,""{2 - 2*d + 2*d^2, 1 - 2*d + d^2}"""
"19,4,""{4 - 2*d + 2*d^2, 3/2 + d^2/2}"""
"19,4,""{-4 - d + 2*d^2, -9/4 + d/4 + d^2/2}"""
"19,4,""{-2 - d + 2*d^2, 1/2 - (3*d)/2 + d^2}"""
"19,4,""{-d + 2*d^2, -9 + 16*d}"""
"19,4,""{-d + 2*d^2, -7 + 16*d}"""
"19,4,""{-d + 2*d^2, -51/4 + (111*d)/4 - d^2/2}"""
"19,4,""{-d + 2*d^2, -5/4 + d/4 + d^2/2}"""
"19,4,""{-d + 2*d^2, 3/4 + d/4 + d^2/2}"""
"19,4,""{-d + 2*d^2, -9/4 + (9*d)/4 + d^2/2}"""
"19,4,""{-d + 2*d^2, -1/4 + (9*d)/4 + d^2/2}"""
"19,4,""{-d + 2*d^2, -17/4 + (25*d)/4 + d^2/2}"""
"19,4,""{-d + 2*d^2, -9/4 + (25*d)/4 + d^2/2}"""
"19,4,""{-d + 2*d^2, -13/4 + (33*d)/4 + d^2/2}"""
"19,4,""{-d + 2*d^2, 3/2 - (11*d)/2 + d^2}"""
"19,4,""{-d + 2*d^2, 7/2 - (11*d)/2 + d^2}"""
"19,4,""{-d + 2*d^2, -1/2 - (3*d)/2 + d^2}"""
"19,4,""{-d + 2*d^2, 3/2 - (3*d)/2 + d^2}"""
"19,4,""{-d + 2*d^2, 25/4 - (61*d)/4 + (3*d^2)/2}"""
"19,4,""{-d + 2*d^2, 33/4 - (61*d)/4 + (3*d^2)/2}"""
"19,4,""{2 - d + 2*d^2, 1/2 - (3*d)/2 + d^2}"""
"19,4,""{4 - d + 2*d^2, 7/4 + d/4 + d^2/2}"""
"19,4,""{-5/2 + d/2 + 2*d^2, 5/4 - (7*d)/4 + d^2}"""
"19,4,""{-1/2 + d/2 + 2*d^2, 1/4 - (7*d)/4 + d^2}"""
"19,4,""{-4 + d + 2*d^2, 1/4 + (3*d)/4 + d^2/2}"""
"19,4,""{-2 + d + 2*d^2, -5/2 - d/2 + d^2}"""
"19,4,""{d + 2*d^2, 7 + 16*d}"""
"19,4,""{d + 2*d^2, 9 + 16*d}"""
"19,4,""{d + 2*d^2, 51/4 + (109*d)/4 - d^2/2}"""
"19,4,""{d + 2*d^2, -3/4 + (3*d)/4 + d^2/2}"""
"19,4,""{d + 2*d^2, 5/4 + (3*d)/4 + d^2/2}"""
"19,4,""{d + 2*d^2, 1/4 + (11*d)/4 + d^2/2}"""
"19,4,""{d + 2*d^2, 9/4 + (11*d)/4 + d^2/2}"""
"19,4,""{d + 2*d^2, 9/4 + (27*d)/4 + d^2/2}"""
"19,4,""{d + 2*d^2, 17/4 + (27*d)/4 + d^2/2}"""
"19,4,""{d + 2*d^2, 13/4 + (35*d)/4 + d^2/2}"""
"19,4,""{d + 2*d^2, -7/2 - (9*d)/2 + d^2}"""
"19,4,""{d + 2*d^2, -3/2 - (9*d)/2 + d^2}"""
"19,4,""{d + 2*d^2, -3/2 - d/2 + d^2}"""
"19,4,""{d + 2*d^2, 1/2 - d/2 + d^2}"""
"19,4,""{d + 2*d^2, -33/4 - (55*d)/4 + (3*d^2)/2}"""
"19,4,""{d + 2*d^2, -25/4 - (55*d)/4 + (3*d^2)/2}"""
"19,4,""{2 + d + 2*d^2, 3/2 - d/2 + d^2}"""
"19,4,""{4 + d + 2*d^2, 1/4 + (3*d)/4 + d^2/2}"""
"19,4,""{-3/2 + (3*d)/2 + 2*d^2, 3/4 - (5*d)/4 + d^2}"""
"19,4,""{1/2 + (3*d)/2 + 2*d^2, -1/4 - (5*d)/4 + d^2}"""
"19,4,""{-4 + 2*d + 2*d^2, 1/2 + d + d^2/2}"""
"19,4,""{-2 + 2*d + 2*d^2, -3 + d^2}"""
"10,5,""{-7 + 2*d^2, (2*d)/5 + (2*d^2)/5}"""
"10,5,""{3 + 2*d^2, (-2*d)/5 + (2*d^2)/5}"""
"10,5,""{5 - 2*d + 2*d^2, (2*d^2)/5}"""
"10,5,""{-6 - d + 2*d^2, d/5 + (2*d^2)/5}"""
"10,5,""{4 - d + 2*d^2, d/5 + (2*d^2)/5}"""
"10,5,""{7 - d + 2*d^2, 1 - (3*d)/5 + (2*d^2)/5}"""
"10,5,""{9 - d + 2*d^2, 1 + d/5 + (2*d^2)/5}"""
"10,5,""{-11 + d + 2*d^2, -1 - d/5 + (2*d^2)/5}"""
"10,5,""{-6 + d + 2*d^2, -1/5*d + (2*d^2)/5}"""
"10,5,""{4 + d + 2*d^2, -1/5*d + (2*d^2)/5}"""
"10,5,""{-5 + 2*d + 2*d^2, (2*d^2)/5}"""
"11,5,""{2*d^2, -1 - (2*d)/5 + (2*d^2)/5}"""
"11,5,""{2*d^2, 1 - (2*d)/5 + (2*d^2)/5}"""
"11,5,""{2*d^2, -1 - (14*d)/5 + (4*d^2)/5}"""
"11,5,""{2*d^2, 1 - (14*d)/5 + (4*d^2)/5}"""
"11,5,""{2*d^2, -1 + (6*d)/5 + (4*d^2)/5}"""
"11,5,""{2*d^2, 1 + (6*d)/5 + (4*d^2)/5}"""
"11,5,""{-5 + 2*d^2, (-2*d)/5 + (2*d^2)/5}"""
"11,5,""{3 + 2*d^2, 9/5 + (2*d)/5 + (4*d^2)/5}"""
"11,5,""{5 + 2*d^2, 2 - (2*d)/5 + (2*d^2)/5}"""
"11,5,""{5 - 2*d + 2*d^2, 2/5 - (4*d)/5 + (2*d^2)/5}"""
"11,5,""{-5 - d + 2*d^2, 1/5 - (3*d)/5 + (2*d^2)/5}"""
"11,5,""{-d + 2*d^2, -4/5 - (3*d)/5 + (2*d^2)/5}"""
"11,5,""{-d + 2*d^2, 6/5 - (3*d)/5 + (2*d^2)/5}"""
"11,5,""{-d + 2*d^2, 2/5 - (16*d)/5 + (4*d^2)/5}"""
"11,5,""{-d + 2*d^2, 12/5 - (16*d)/5 + (4*d^2)/5}"""
"11,5,""{-d + 2*d^2, -8/5 + (4*d)/5 + (4*d^2)/5}"""
"11,5,""{-d + 2*d^2, 2/5 + (4*d)/5 + (4*d^2)/5}"""
"11,5,""{5 - d + 2*d^2, 1/5 - (3*d)/5 + (2*d^2)/5}"""
"11,5,""{7 - d + 2*d^2, 16/5 + (4*d^2)/5}"""
"11,5,""{-11 + d + 2*d^2, -28/5 + (4*d)/5 + (4*d^2)/5}"""
"11,5,""{-6 + d + 2*d^2, -18/5 + (4*d)/5 + (4*d^2)/5}"""
"11,5,""{-5 + d + 2*d^2, -11/5 - d/5 + (2*d^2)/5}"""
"11,5,""{d + 2*d^2, -6/5 - d/5 + (2*d^2)/5}"""
"11,5,""{d + 2*d^2, 4/5 - d/5 + (2*d^2)/5}"""
"11,5,""{d + 2*d^2, -12/5 - (12*d)/5 + (4*d^2)/5}"""
"11,5,""{d + 2*d^2, -2/5 - (12*d)/5 + (4*d^2)/5}"""
"11,5,""{d + 2*d^2, -2/5 + (8*d)/5 + (4*d^2)/5}"""
"11,5,""{4 + d + 2*d^2, 12/5 + (4*d)/5 + (4*d^2)/5}"""
"11,5,""{5 + d + 2*d^2, 9/5 - d/5 + (2*d^2)/5}"""
"11,5,""{-5 + 2*d + 2*d^2, -12/5 + (2*d^2)/5}"""
"11,5,""{-5 + 2*d + 2*d^2, -3 + (6*d)/5 + (4*d^2)/5}"""
"12,5,""{2*d^2, -1 + (26*d)/5 + (2*d^2)/5}"""
"12,5,""{2*d^2, 1 + (26*d)/5 + (2*d^2)/5}"""
"12,5,""{2*d^2, -1 + (2*d)/5 + (4*d^2)/5}"""
"12,5,""{2*d^2, 1 + (2*d)/5 + (4*d^2)/5}"""
"12,5,""{-7 + 2*d^2, -14/5 - (2*d)/5 + (2*d^2)/5}"""
"12,5,""{-5 + 2*d^2, -3 + (2*d)/5 + (4*d^2)/5}"""
"12,5,""{3 + 2*d^2, 3/5 - (2*d)/5 + (4*d^2)/5}"""
"12,5,""{5 + 2*d^2, 1 + (2*d)/5 + (4*d^2)/5}"""
"12,5,""{5 - 2*d + 2*d^2, 2 - (4*d)/5 + (2*d^2)/5}"""
"12,5,""{5 - 2*d + 2*d^2, 13/5 - (2*d)/5 + (4*d^2)/5}"""
"12,5,""{-6 - d + 2*d^2, -12/5 - (3*d)/5 + (2*d^2)/5}"""
"12,5,""{-5 - d + 2*d^2, -16/5 + (4*d^2)/5}"""
"12,5,""{-d + 2*d^2, -8/5 + 5*d + (2*d^2)/5}"""
"12,5,""{-d + 2*d^2, 4/5 + (4*d^2)/5}"""
"12,5,""{4 - d + 2*d^2, 8/5 - (3*d)/5 + (2*d^2)/5}"""
"12,5,""{5 - d + 2*d^2, 14/5 + (4*d^2)/5}"""
"12,5,""{9 - d + 2*d^2, 13/5 - (3*d)/5 + (2*d^2)/5}"""
"12,5,""{-13 + d + 2*d^2, -21/5 - d/5 + (2*d^2)/5}"""
"12,5,""{-11 + d + 2*d^2, -16/5 + (4*d^2)/5}"""
"12,5,""{-6 + d + 2*d^2, -6/5 + (4*d^2)/5}"""
"12,5,""{d + 2*d^2, 8/5 + (27*d)/5 + (2*d^2)/5}"""
"12,5,""{d + 2*d^2, 18/5 + (27*d)/5 + (2*d^2)/5}"""
"12,5,""{d + 2*d^2, -4/5 + (4*d)/5 + (4*d^2)/5}"""
"12,5,""{d + 2*d^2, 6/5 + (4*d)/5 + (4*d^2)/5}"""
"12,5,""{5 + d + 2*d^2, 6/5 + (4*d)/5 + (4*d^2)/5}"""
"12,5,""{-5 + 2*d + 2*d^2, -1 + (2*d)/5 + (4*d^2)/5}"""
"12,5,""{-5 + 2*d + 2*d^2, -3/5 + (6*d)/5 + (4*d^2)/5}"""
"13,5,""{2*d^2, -1 + (34*d)/5 + (2*d^2)/5}"""
"13,5,""{2*d^2, 1 + (34*d)/5 + (2*d^2)/5}"""
"13,5,""{2*d^2, -1 - (2*d)/5 + (4*d^2)/5}"""
"13,5,""{2*d^2, 1 - (2*d)/5 + (4*d^2)/5}"""
"13,5,""{-7 + 2*d^2, -7/5 + (2*d)/5 + (4*d^2)/5}"""
"13,5,""{-5 + 2*d^2, -1 - (2*d)/5 + (4*d^2)/5}"""
"13,5,""{3 + 2*d^2, 6/5 + (2*d)/5 + (2*d^2)/5}"""
"13,5,""{5 + 2*d^2, 3 - (2*d)/5 + (4*d^2)/5}"""
"13,5,""{5 - 2*d + 2*d^2, 7/5 - (6*d)/5 + (4*d^2)/5}"""
"13,5,""{5 - 2*d + 2*d^2, 1 - (2*d)/5 + (4*d^2)/5}"""
"13,5,""{-5 - d + 2*d^2, -4/5 - (4*d)/5 + (4*d^2)/5}"""
"13,5,""{-d + 2*d^2, -12/5 + (33*d)/5 + (2*d^2)/5}"""
"13,5,""{-d + 2*d^2, -4/5 - (4*d)/5 + (4*d^2)/5}"""
"13,5,""{-d + 2*d^2, 6/5 - (4*d)/5 + (4*d^2)/5}"""
"13,5,""{4 - d + 2*d^2, 4/5 + (4*d^2)/5}"""
"13,5,""{7 - d + 2*d^2, 9/5 + d/5 + (2*d^2)/5}"""
"13,5,""{9 - d + 2*d^2, 14/5 + (4*d^2)/5}"""
"13,5,""{-6 + d + 2*d^2, -12/5 + (3*d)/5 + (2*d^2)/5}"""
"13,5,""{-5 + d + 2*d^2, -16/5 + (4*d^2)/5}"""
"13,5,""{d + 2*d^2, 12/5 + 7*d + (2*d^2)/5}"""
"13,5,""{d + 2*d^2, -6/5 + (4*d^2)/5}"""
"13,5,""{d + 2*d^2, 4/5 + (4*d^2)/5}"""
"13,5,""{4 + d + 2*d^2, 8/5 + (3*d)/5 + (2*d^2)/5}"""
"13,5,""{5 + d + 2*d^2, 14/5 + (4*d^2)/5}"""
"13,5,""{-5 + 2*d + 2*d^2, -2 + (4*d)/5 + (2*d^2)/5}"""
"13,5,""{-5 + 2*d + 2*d^2, -17/5 + (2*d)/5 + (4*d^2)/5}"""
"14,5,""{2*d^2, -1 + (2*d)/5 + (2*d^2)/5}"""
"14,5,""{2*d^2, 1 + (2*d)/5 + (2*d^2)/5}"""
"14,5,""{2*d^2, -1 - (6*d)/5 + (4*d^2)/5}"""
"14,5,""{2*d^2, 1 - (6*d)/5 + (4*d^2)/5}"""
"14,5,""{2*d^2, -1 - (34*d)/5 + (6*d^2)/5}"""
"14,5,""{2*d^2, 1 - (34*d)/5 + (6*d^2)/5}"""
"14,5,""{-7 + 2*d^2, -21/5 - (2*d)/5 + (4*d^2)/5}"""
"14,5,""{-5 + 2*d^2, -2 + (2*d)/5 + (2*d^2)/5}"""
"14,5,""{5 + 2*d^2, (2*d)/5 + (2*d^2)/5}"""
"14,5,""{5 - 2*d + 2*d^2, 8/5 + (2*d^2)/5}"""
"14,5,""{5 - 2*d + 2*d^2, 3 - (6*d)/5 + (4*d^2)/5}"""
"14,5,""{-6 - d + 2*d^2, -18/5 - (4*d)/5 + (4*d^2)/5}"""
"14,5,""{-5 - d + 2*d^2, -11/5 + d/5 + (2*d^2)/5}"""
"14,5,""{-d + 2*d^2, -6/5 + d/5 + (2*d^2)/5}"""
"14,5,""{-d + 2*d^2, 4/5 + d/5 + (2*d^2)/5}"""
"14,5,""{-d + 2*d^2, -2/5 - (8*d)/5 + (4*d^2)/5}"""
"14,5,""{-d + 2*d^2, 8/5 - (8*d)/5 + (4*d^2)/5}"""
"14,5,""{-d + 2*d^2, 12/5 - (37*d)/5 + (6*d^2)/5}"""
"14,5,""{-d + 2*d^2, 22/5 - (37*d)/5 + (6*d^2)/5}"""
"14,5,""{4 - d + 2*d^2, 12/5 - (4*d)/5 + (4*d^2)/5}"""
"14,5,""{5 - d + 2*d^2, 9/5 + d/5 + (2*d^2)/5}"""
"14,5,""{9 - d + 2*d^2, 22/5 - (4*d)/5 + (4*d^2)/5}"""
"14,5,""{-13 + d + 2*d^2, -34/5 + (4*d^2)/5}"""
"14,5,""{-5 + d + 2*d^2, 1/5 + (3*d)/5 + (2*d^2)/5}"""
"14,5,""{d + 2*d^2, -4/5 + (3*d)/5 + (2*d^2)/5}"""
"14,5,""{d + 2*d^2, 6/5 + (3*d)/5 + (2*d^2)/5}"""
"14,5,""{d + 2*d^2, -8/5 - (4*d)/5 + (4*d^2)/5}"""
"14,5,""{d + 2*d^2, 2/5 - (4*d)/5 + (4*d^2)/5}"""
"14,5,""{d + 2*d^2, -22/5 - (31*d)/5 + (6*d^2)/5}"""
"14,5,""{d + 2*d^2, -12/5 - (31*d)/5 + (6*d^2)/5}"""
"14,5,""{5 + d + 2*d^2, 1/5 + (3*d)/5 + (2*d^2)/5}"""
"12,1,""{2*d^2, -1 + 2*d}"""
"12,1,""{2*d^2, 1 + 2*d}"""
"12,1,""{-3 + 2*d^2, 3 + 2*d}"""
"12,1,""{-1 + 2*d^2, -1 + 2*d}"""
"12,1,""{-1 + 2*d^2, 1 + 2*d}"""
"12,1,""{1 + 2*d^2, -1 + 2*d}"""
"12,1,""{1 + 2*d^2, 1 + 2*d}"""
"12,1,""{-2 - d + 2*d^2, 2 + 2*d}"""
"12,1,""{-1 - d + 2*d^2, -2 + 2*d}"""
"12,1,""{-d + 2*d^2, 2*d}"""
"12,1,""{-d + 2*d^2, -2 + 2*d}"""
"12,1,""{1 - d + 2*d^2, 2*d}"""
"12,1,""{-5 + d + 2*d^2, 4 + 2*d}"""
"12,1,""{-3 + d + 2*d^2, -2 + 2*d}"""
"12,1,""{-2 + d + 2*d^2, -2 + 2*d}"""
"12,1,""{-1 + d + 2*d^2, 2 + 2*d}"""
"12,1,""{d + 2*d^2, 2*d}"""
"12,1,""{d + 2*d^2, 2 + 2*d}"""
"12,1,""{1 + d + 2*d^2, 2*d}"""
"12,1,""{-1 + 2*d + 2*d^2, -1 + 2*d}"""
"12,1,""{-1 + 2*d + 2*d^2, 3 + 2*d}"""
"12,1,""{1 + 2*d + 2*d^2, 1 + 2*d}"""
"6,2,""{2*d^2, -1 + 2*d}"""
"6,2,""{2*d^2, 1 + 2*d}"""
"6,2,""{-3 + 2*d^2, 3 + 2*d}"""
"6,2,""{-3 + 2*d^2, -5 + 4*d}"""
"6,2,""{-3 + 2*d^2, 5 + 4*d}"""
"6,2,""{-1 + 2*d^2, -1 + 2*d}"""
"6,2,""{-1 + 2*d^2, 1 + 2*d}"""
"6,2,""{-1 + 2*d^2, -3 + 4*d}"""
"6,2,""{-1 + 2*d^2, 3 + 4*d}"""
"6,2,""{1 + 2*d^2, -1 + 2*d}"""
"6,2,""{1 + 2*d^2, 1 + 2*d}"""
"6,2,""{-1 - (3*d)/2 + 2*d^2, 2 + 4*d}"""
"6,2,""{(-3*d)/2 + 2*d^2, 4*d}"""
"6,2,""{-2 - d + 2*d^2, 2 + 2*d}"""
"6,2,""{-1 - d + 2*d^2, -2 + 2*d}"""
"6,2,""{-d + 2*d^2, 2*d}"""
"6,2,""{-d + 2*d^2, -2 + 2*d}"""
"6,2,""{1 - d + 2*d^2, 2*d}"""
"6,2,""{-2 - d/2 + 2*d^2, 4 + 4*d}"""
"6,2,""{-1 - d/2 + 2*d^2, 2 + 4*d}"""
"6,2,""{-2 + d/2 + 2*d^2, -4 + 4*d}"""
"6,2,""{-1 + d/2 + 2*d^2, -2 + 4*d}"""
"6,2,""{-5 + d + 2*d^2, 4 + 2*d}"""
"6,2,""{-3 + d + 2*d^2, -2 + 2*d}"""
"6,2,""{-2 + d + 2*d^2, -2 + 2*d}"""
"6,2,""{-1 + d + 2*d^2, 2 + 2*d}"""
"6,2,""{d + 2*d^2, 2*d}"""
"6,2,""{d + 2*d^2, 2 + 2*d}"""
"6,2,""{1 + d + 2*d^2, 2*d}"""
"6,2,""{-1 + (3*d)/2 + 2*d^2, -2 + 4*d}"""
"6,2,""{(3*d)/2 + 2*d^2, 4*d}"""
"6,2,""{-1 + 2*d + 2*d^2, -1 + 2*d}"""
"6,2,""{-1 + 2*d + 2*d^2, 3 + 2*d}"""
"6,2,""{1 + 2*d + 2*d^2, 1 + 2*d}"""
"7,2,""{2*d^2, -1 + 2*d}"""
"7,2,""{2*d^2, 1 + 2*d}"""
"7,2,""{2*d^2, -1 + 4*d}"""
"7,2,""{2*d^2, 1 + 4*d}"""
"7,2,""{-3 + 2*d^2, 3 + 2*d}"""
"7,2,""{-1 + 2*d^2, -1 + 2*d}"""
"7,2,""{-1 + 2*d^2, 1 + 2*d}"""
"7,2,""{1 + 2*d^2, -1 + 2*d}"""
"7,2,""{1 + 2*d^2, 1 + 2*d}"""
"7,2,""{-1/2 - (3*d)/2 + 2*d^2, -4 + 4*d}"""
"7,2,""{1/2 - (3*d)/2 + 2*d^2, -2 + 4*d}"""
"7,2,""{-2 - d + 2*d^2, 2 + 2*d}"""
"7,2,""{-1 - d + 2*d^2, -2 + 2*d}"""
"7,2,""{-d + 2*d^2, 2*d}"""
"7,2,""{-d + 2*d^2, -2 + 2*d}"""
"7,2,""{-d + 2*d^2, -3 + 4*d}"""
"7,2,""{-d + 2*d^2, -1 + 4*d}"""
"7,2,""{1 - d + 2*d^2, 2*d}"""
"7,2,""{-1/2 - d/2 + 2*d^2, -2 + 4*d}"""
"7,2,""{1/2 - d/2 + 2*d^2, 4*d}"""
"7,2,""{-1/2 + d/2 + 2*d^2, 2 + 4*d}"""
"7,2,""{1/2 + d/2 + 2*d^2, 4*d}"""
"7,2,""{-5 + d + 2*d^2, 4 + 2*d}"""
"7,2,""{-3 + d + 2*d^2, -2 + 2*d}"""
"7,2,""{-2 + d + 2*d^2, -2 + 2*d}"""
"7,2,""{-1 + d + 2*d^2, 2 + 2*d}"""
"7,2,""{d + 2*d^2, 2*d}"""
"7,2,""{d + 2*d^2, 2 + 2*d}"""
"7,2,""{d + 2*d^2, 1 + 4*d}"""
"7,2,""{d + 2*d^2, 3 + 4*d}"""
"7,2,""{1 + d + 2*d^2, 2*d}"""
"7,2,""{-1/2 + (3*d)/2 + 2*d^2, 4 + 4*d}"""
"7,2,""{1/2 + (3*d)/2 + 2*d^2, 2 + 4*d}"""
"7,2,""{-1 + 2*d + 2*d^2, -1 + 2*d}"""
"7,2,""{-1 + 2*d + 2*d^2, 3 + 2*d}"""
"7,2,""{1 + 2*d + 2*d^2, 1 + 2*d}"""
"9,3,""{2*d^2, -1 + 2*d}"""
"9,3,""{2*d^2, 1 + 2*d}"""
"9,3,""{-3 + 2*d^2, 3 + 2*d}"""
"9,3,""{-1 + 2*d^2, -1 + 2*d}"""
"9,3,""{-1 + 2*d^2, 1 + 2*d}"""
"9,3,""{1 + 2*d^2, -1 + 2*d}"""
"9,3,""{1 + 2*d^2, 1 + 2*d}"""
"9,3,""{(-5*d)/3 + 2*d^2, 6*d}"""
"9,3,""{-1 - (4*d)/3 + 2*d^2, 3 + 6*d}"""
"9,3,""{-2 - d + 2*d^2, 2 + 2*d}"""
"9,3,""{-1 - d + 2*d^2, -2 + 2*d}"""
"9,3,""{-d + 2*d^2, 2*d}"""
"9,3,""{-d + 2*d^2, -2 + 2*d}"""
"9,3,""{1 - d + 2*d^2, 2*d}"""
"9,3,""{-1 - (2*d)/3 + 2*d^2, 3 + 6*d}"""
"9,3,""{-3 - d/3 + 2*d^2, -8 + 6*d}"""
"9,3,""{-2 - d/3 + 2*d^2, 6 + 6*d}"""
"9,3,""{-1 - d/3 + 2*d^2, 4 + 6*d}"""
"9,3,""{-3 + d/3 + 2*d^2, 8 + 6*d}"""
"9,3,""{-2 + d/3 + 2*d^2, -6 + 6*d}"""
"9,3,""{-1 + d/3 + 2*d^2, -4 + 6*d}"""
"9,3,""{-1 + (2*d)/3 + 2*d^2, -3 + 6*d}"""
"9,3,""{-5 + d + 2*d^2, 4 + 2*d}"""
"9,3,""{-3 + d + 2*d^2, -2 + 2*d}"""
"9,3,""{-2 + d + 2*d^2, -2 + 2*d}"""
"9,3,""{-1 + d + 2*d^2, 2 + 2*d}"""
"9,3,""{d + 2*d^2, 2*d}"""
"9,3,""{d + 2*d^2, 2 + 2*d}"""
"9,3,""{1 + d + 2*d^2, 2*d}"""
"9,3,""{-1 + (4*d)/3 + 2*d^2, -3 + 6*d}"""
"9,3,""{(5*d)/3 + 2*d^2, 6*d}"""
"9,3,""{-1 + 2*d + 2*d^2, -1 + 2*d}"""
"9,3,""{-1 + 2*d + 2*d^2, 3 + 2*d}"""
"9,3,""{1 + 2*d + 2*d^2, 1 + 2*d}"""
"10,3,""{2*d^2, -1 + 2*d}"""
"10,3,""{2*d^2, 1 + 2*d}"""
"10,3,""{2*d^2, -1 + 6*d}"""
"10,3,""{2*d^2, 1 + 6*d}"""
"10,3,""{-3 + 2*d^2, 3 + 2*d}"""
"10,3,""{-1 + 2*d^2, -1 + 2*d}"""
"10,3,""{-1 + 2*d^2, 1 + 2*d}"""
"10,3,""{1 + 2*d^2, -1 + 2*d}"""
"10,3,""{1 + 2*d^2, 1 + 2*d}"""
"10,3,""{-1/3 - (5*d)/3 + 2*d^2, -6 + 6*d}"""
"10,3,""{1/3 - (4*d)/3 + 2*d^2, -3 + 6*d}"""
"10,3,""{-2 - d + 2*d^2, 2 + 2*d}"""
"10,3,""{-1 - d + 2*d^2, -2 + 2*d}"""
"10,3,""{-d + 2*d^2, 2*d}"""
"10,3,""{-d + 2*d^2, -2 + 2*d}"""
"10,3,""{-d + 2*d^2, -4 + 6*d}"""
"10,3,""{-d + 2*d^2, -2 + 6*d}"""
"10,3,""{1 - d + 2*d^2, 2*d}"""
"10,3,""{-1/3 - (2*d)/3 + 2*d^2, -3 + 6*d}"""
"10,3,""{-5/3 - d/3 + 2*d^2, -6 + 6*d}"""
"10,3,""{1/3 - d/3 + 2*d^2, 6*d}"""
"10,3,""{-4/3 + d/3 + 2*d^2, -4 + 6*d}"""
"10,3,""{-1/3 + d/3 + 2*d^2, 2 + 6*d}"""
"10,3,""{-5/3 + (2*d)/3 + 2*d^2, -5 + 6*d}"""
"10,3,""{1/3 + (2*d)/3 + 2*d^2, 1 + 6*d}"""
"10,3,""{-5 + d + 2*d^2, 4 + 2*d}"""
"10,3,""{-3 + d + 2*d^2, -2 + 2*d}"""
"10,3,""{-2 + d + 2*d^2, -2 + 2*d}"""
"10,3,""{-1 + d + 2*d^2, 2 + 2*d}"""
"10,3,""{d + 2*d^2, 2*d}"""
"10,3,""{d + 2*d^2, 2 + 2*d}"""
"10,3,""{d + 2*d^2, 2 + 6*d}"""
"10,3,""{d + 2*d^2, 4 + 6*d}"""
"10,3,""{1 + d + 2*d^2, 2*d}"""
"10,3,""{-1/3 + (4*d)/3 + 2*d^2, -1 + 6*d}"""
"10,3,""{-1/3 + (4*d)/3 + 2*d^2, 5 + 6*d}"""
"10,3,""{-2/3 + (5*d)/3 + 2*d^2, -2 + 6*d}"""
"10,3,""{1/3 + (5*d)/3 + 2*d^2, 4 + 6*d}"""
"10,3,""{-1 + 2*d + 2*d^2, -1 + 2*d}"""
"10,3,""{-1 + 2*d + 2*d^2, 3 + 2*d}"""
"10,3,""{1 + 2*d + 2*d^2, 1 + 2*d}"""
"11,3,""{2*d^2, -1 + 2*d}"""
"11,3,""{2*d^2, 1 + 2*d}"""
"11,3,""{2*d^2, -1 + 6*d}"""
"11,3,""{2*d^2, 1 + 6*d}"""
"11,3,""{2*d^2, -1 + 10*d}"""
"11,3,""{2*d^2, 1 + 10*d}"""
"11,3,""{-3 + 2*d^2, 3 + 2*d}"""
"11,3,""{-1 + 2*d^2, -1 + 2*d}"""
"11,3,""{-1 + 2*d^2, 1 + 2*d}"""
"11,3,""{1 + 2*d^2, -1 + 2*d}"""
"11,3,""{1 + 2*d^2, 1 + 2*d}"""
"11,3,""{-2/3 - (5*d)/3 + 2*d^2, 2 + 6*d}"""
"11,3,""{1/3 - (5*d)/3 + 2*d^2, -4 + 6*d}"""
"11,3,""{-1/3 - (4*d)/3 + 2*d^2, -5 + 6*d}"""
"11,3,""{-1/3 - (4*d)/3 + 2*d^2, 1 + 6*d}"""
"11,3,""{-2 - d + 2*d^2, 2 + 2*d}"""
"11,3,""{-1 - d + 2*d^2, -2 + 2*d}"""
"11,3,""{-d + 2*d^2, 2*d}"""
"11,3,""{-d + 2*d^2, -2 + 2*d}"""
"11,3,""{-d + 2*d^2, -4 + 6*d}"""
"11,3,""{-d + 2*d^2, -2 + 6*d}"""
"11,3,""{-d + 2*d^2, -4 + 10*d}"""
"11,3,""{1 - d + 2*d^2, 2*d}"""
"11,3,""{-5/3 - (2*d)/3 + 2*d^2, 5 + 6*d}"""
"11,3,""{1/3 - (2*d)/3 + 2*d^2, -1 + 6*d}"""
"11,3,""{-7/3 - d/3 + 2*d^2, 6 + 6*d}"""
"11,3,""{-4/3 - d/3 + 2*d^2, 4 + 6*d}"""
"11,3,""{-1/3 - d/3 + 2*d^2, -2 + 6*d}"""
"11,3,""{-5/3 + d/3 + 2*d^2, 6 + 6*d}"""
"11,3,""{1/3 + d/3 + 2*d^2, 6*d}"""
"11,3,""{-1/3 + (2*d)/3 + 2*d^2, 3 + 6*d}"""
"11,3,""{-5 + d + 2*d^2, 4 + 2*d}"""
"11,3,""{-3 + d + 2*d^2, -2 + 2*d}"""
"11,3,""{-2 + d + 2*d^2, -2 + 2*d}"""
"11,3,""{-1 + d + 2*d^2, 2 + 2*d}"""
"11,3,""{d + 2*d^2, 2*d}"""
"11,3,""{d + 2*d^2, 2 + 2*d}"""
"11,3,""{d + 2*d^2, 2 + 6*d}"""
"11,3,""{d + 2*d^2, 4 + 6*d}"""
"11,3,""{d + 2*d^2, 4 + 10*d}"""
"11,3,""{1 + d + 2*d^2, 2*d}"""
"11,3,""{1/3 + (4*d)/3 + 2*d^2, 3 + 6*d}"""
"11,3,""{-1 + 2*d + 2*d^2, -1 + 2*d}"""
"11,3,""{-1 + 2*d + 2*d^2, 3 + 2*d}"""
"11,3,""{1 + 2*d + 2*d^2, 1 + 2*d}"""
"12,4,""{2*d^2, -1 + 2*d}"""
"12,4,""{2*d^2, 1 + 2*d}"""
"12,4,""{2*d^2, -1 + 10*d}"""
"12,4,""{2*d^2, 1 + 10*d}"""
"12,4,""{-3 + 2*d^2, 3 + 2*d}"""
"12,4,""{-3 + 2*d^2, -5 + 4*d}"""
"12,4,""{-3 + 2*d^2, 5 + 4*d}"""
"12,4,""{-1 + 2*d^2, -1 + 2*d}"""
"12,4,""{-1 + 2*d^2, 1 + 2*d}"""
"12,4,""{-1 + 2*d^2, -3 + 4*d}"""
"12,4,""{-1 + 2*d^2, 3 + 4*d}"""
"12,4,""{1 + 2*d^2, -1 + 2*d}"""
"12,4,""{1 + 2*d^2, 1 + 2*d}"""
"12,4,""{(-7*d)/4 + 2*d^2, 8*d}"""
"12,4,""{-1 - (3*d)/2 + 2*d^2, 2 + 4*d}"""
"12,4,""{(-3*d)/2 + 2*d^2, 4*d}"""
"12,4,""{-2 - d + 2*d^2, 2 + 2*d}"""
"12,4,""{-1 - d + 2*d^2, -2 + 2*d}"""
"12,4,""{-d + 2*d^2, 2*d}"""
"12,4,""{-d + 2*d^2, -2 + 2*d}"""
"12,4,""{-d + 2*d^2, -6 + 10*d}"""
"12,4,""{-d + 2*d^2, -4 + 10*d}"""
"12,4,""{1 - d + 2*d^2, 2*d}"""
"12,4,""{-1 - (3*d)/4 + 2*d^2, 4 + 8*d}"""
"12,4,""{-3 - d/2 + 2*d^2, -11 + 8*d}"""
"12,4,""{-2 - d/2 + 2*d^2, 4 + 4*d}"""
"12,4,""{-1 - d/2 + 2*d^2, 2 + 4*d}"""
"12,4,""{-1 - d/2 + 2*d^2, 5 + 8*d}"""
"12,4,""{-2 - d/4 + 2*d^2, 8 + 8*d}"""
"12,4,""{-2 + d/4 + 2*d^2, -8 + 8*d}"""
"12,4,""{-3 + d/2 + 2*d^2, 11 + 8*d}"""
"12,4,""{-2 + d/2 + 2*d^2, -4 + 4*d}"""
"12,4,""{-1 + d/2 + 2*d^2, -2 + 4*d}"""
"12,4,""{-1 + d/2 + 2*d^2, -5 + 8*d}"""
"12,4,""{-1 + (3*d)/4 + 2*d^2, -4 + 8*d}"""
"12,4,""{-5 + d + 2*d^2, 4 + 2*d}"""
"12,4,""{-3 + d + 2*d^2, -2 + 2*d}"""
"12,4,""{-2 + d + 2*d^2, -2 + 2*d}"""
"12,4,""{-1 + d + 2*d^2, 2 + 2*d}"""
"12,4,""{d + 2*d^2, 2*d}"""
"12,4,""{d + 2*d^2, 2 + 2*d}"""
"12,4,""{d + 2*d^2, 4 + 10*d}"""
"12,4,""{1 + d + 2*d^2, 2*d}"""
"12,4,""{-1 + (5*d)/4 + 2*d^2, -4 + 8*d}"""
"12,4,""{-1 + (3*d)/2 + 2*d^2, -2 + 4*d}"""
"12,4,""{(3*d)/2 + 2*d^2, 4*d}"""
"12,4,""{(7*d)/4 + 2*d^2, 8*d}"""
"12,4,""{-1 + 2*d + 2*d^2, -1 + 2*d}"""
"12,4,""{-1 + 2*d + 2*d^2, 3 + 2*d}"""
"12,4,""{1 + 2*d + 2*d^2, 1 + 2*d}"""
"13,4,""{2*d^2, -1 + 2*d}"""
"13,4,""{2*d^2, 1 + 2*d}"""
"13,4,""{2*d^2, -1 + 4*d}"""
"13,4,""{2*d^2, 1 + 4*d}"""
"13,4,""{2*d^2, -1 + 8*d}"""
"13,4,""{2*d^2, 1 + 8*d}"""
"13,4,""{-3 + 2*d^2, 3 + 2*d}"""
"13,4,""{-1 + 2*d^2, -1 + 2*d}"""
"13,4,""{-1 + 2*d^2, 1 + 2*d}"""
"13,4,""{1 + 2*d^2, -1 + 2*d}"""
"13,4,""{1 + 2*d^2, 1 + 2*d}"""
"13,4,""{-1/4 - (7*d)/4 + 2*d^2, -8 + 8*d}"""
"13,4,""{-1/2 - (3*d)/2 + 2*d^2, -4 + 4*d}"""
"13,4,""{1/2 - (3*d)/2 + 2*d^2, -2 + 4*d}"""
"13,4,""{1/4 - (5*d)/4 + 2*d^2, -4 + 8*d}"""
"13,4,""{-2 - d + 2*d^2, 2 + 2*d}"""
"13,4,""{-1 - d + 2*d^2, -2 + 2*d}"""
"13,4,""{-d + 2*d^2, 2*d}"""
"13,4,""{-d + 2*d^2, -2 + 2*d}"""
"13,4,""{-d + 2*d^2, -3 + 4*d}"""
"13,4,""{-d + 2*d^2, -1 + 4*d}"""
"13,4,""{-d + 2*d^2, -5 + 8*d}"""
"13,4,""{-d + 2*d^2, -3 + 8*d}"""
"13,4,""{1 - d + 2*d^2, 2*d}"""
"13,4,""{-1/4 - (3*d)/4 + 2*d^2, -4 + 8*d}"""
"13,4,""{-1/2 - d/2 + 2*d^2, -2 + 4*d}"""
"13,4,""{1/2 - d/2 + 2*d^2, 4*d}"""
"13,4,""{1/4 - d/4 + 2*d^2, 8*d}"""
"13,4,""{-1/4 + d/4 + 2*d^2, 2 + 8*d}"""
"13,4,""{-1/2 + d/2 + 2*d^2, 2 + 4*d}"""
"13,4,""{1/2 + d/2 + 2*d^2, 4*d}"""
"13,4,""{1/4 + (3*d)/4 + 2*d^2, 2 + 8*d}"""
"13,4,""{-5 + d + 2*d^2, 4 + 2*d}"""
"13,4,""{-3 + d + 2*d^2, -2 + 2*d}"""
"13,4,""{-2 + d + 2*d^2, -2 + 2*d}"""
"13,4,""{-1 + d + 2*d^2, 2 + 2*d}"""
"13,4,""{d + 2*d^2, 2*d}"""
"13,4,""{d + 2*d^2, 2 + 2*d}"""
"13,4,""{d + 2*d^2, 1 + 4*d}"""
"13,4,""{d + 2*d^2, 3 + 4*d}"""
"13,4,""{d + 2*d^2, 3 + 8*d}"""
"13,4,""{d + 2*d^2, 5 + 8*d}"""
"13,4,""{1 + d + 2*d^2, 2*d}"""
"13,4,""{-1/4 + (5*d)/4 + 2*d^2, 6 + 8*d}"""
"13,4,""{-1/2 + (3*d)/2 + 2*d^2, 4 + 4*d}"""
"13,4,""{1/2 + (3*d)/2 + 2*d^2, 2 + 4*d}"""
"13,4,""{1/4 + (7*d)/4 + 2*d^2, 6 + 8*d}"""
"13,4,""{-1 + 2*d + 2*d^2, -1 + 2*d}"""
"13,4,""{-1 + 2*d + 2*d^2, 3 + 2*d}"""
"13,4,""{1 + 2*d + 2*d^2, 1 + 2*d}"""
"14,4,""{2*d^2, -1 + 2*d}"""
"14,4,""{2*d^2, 1 + 2*d}"""
"14,4,""{2*d^2, -1 + 10*d}"""
"14,4,""{2*d^2, 1 + 10*d}"""
"14,4,""{-3 + 2*d^2, 3 + 2*d}"""
"14,4,""{-3 + 2*d^2, -5 + 4*d}"""
"14,4,""{-3 + 2*d^2, 5 + 4*d}"""
"14,4,""{-1 + 2*d^2, -1 + 2*d}"""
"14,4,""{-1 + 2*d^2, 1 + 2*d}"""
"14,4,""{-1 + 2*d^2, -3 + 4*d}"""
"14,4,""{-1 + 2*d^2, 3 + 4*d}"""
"14,4,""{1 + 2*d^2, -1 + 2*d}"""
"14,4,""{1 + 2*d^2, 1 + 2*d}"""
"14,4,""{-1/2 - (7*d)/4 + 2*d^2, 2 + 8*d}"""
"14,4,""{-1 - (3*d)/2 + 2*d^2, 2 + 4*d}"""
"14,4,""{(-3*d)/2 + 2*d^2, 4*d}"""
"14,4,""{-1/2 - (5*d)/4 + 2*d^2, 2 + 8*d}"""
"14,4,""{-2 - d + 2*d^2, 2 + 2*d}"""
"14,4,""{-1 - d + 2*d^2, -2 + 2*d}"""
"14,4,""{-d + 2*d^2, 2*d}"""
"14,4,""{-d + 2*d^2, -2 + 2*d}"""
"14,4,""{-d + 2*d^2, -4 + 10*d}"""
"14,4,""{1 - d + 2*d^2, 2*d}"""
"14,4,""{-3/2 - (3*d)/4 + 2*d^2, 6 + 8*d}"""
"14,4,""{-2 - d/2 + 2*d^2, 4 + 4*d}"""
"14,4,""{-2 - d/2 + 2*d^2, -9 + 8*d}"""
"14,4,""{-2 - d/2 + 2*d^2, 7 + 8*d}"""
"14,4,""{-1 - d/2 + 2*d^2, 2 + 4*d}"""
"14,4,""{-3/2 - d/4 + 2*d^2, 6 + 8*d}"""
"14,4,""{-3/2 + d/4 + 2*d^2, -6 + 8*d}"""
"14,4,""{-2 + d/2 + 2*d^2, -4 + 4*d}"""
"14,4,""{-2 + d/2 + 2*d^2, -7 + 8*d}"""
"14,4,""{-2 + d/2 + 2*d^2, 9 + 8*d}"""
"14,4,""{-1 + d/2 + 2*d^2, -2 + 4*d}"""
"14,4,""{-5 + d + 2*d^2, 4 + 2*d}"""
"14,4,""{-3 + d + 2*d^2, -2 + 2*d}"""
"14,4,""{-2 + d + 2*d^2, -2 + 2*d}"""
"14,4,""{-1 + d + 2*d^2, 2 + 2*d}"""
"14,4,""{d + 2*d^2, 2*d}"""
"14,4,""{d + 2*d^2, 2 + 2*d}"""
"14,4,""{d + 2*d^2, 4 + 10*d}"""
"14,4,""{d + 2*d^2, 6 + 10*d}"""
"14,4,""{1 + d + 2*d^2, 2*d}"""
"14,4,""{-1/2 + (5*d)/4 + 2*d^2, -2 + 8*d}"""
"14,4,""{-1 + (3*d)/2 + 2*d^2, -2 + 4*d}"""
"14,4,""{(3*d)/2 + 2*d^2, 4*d}"""
"14,4,""{-1/2 + (7*d)/4 + 2*d^2, -2 + 8*d}"""
"14,4,""{-1 + 2*d + 2*d^2, -1 + 2*d}"""
"14,4,""{-1 + 2*d + 2*d^2, 3 + 2*d}"""
"14,4,""{1 + 2*d + 2*d^2, 1 + 2*d}"""
"15,4,""{2*d^2, -1 + 2*d}"""
"15,4,""{2*d^2, 1 + 2*d}"""
"15,4,""{2*d^2, -1 + 4*d}"""
"15,4,""{2*d^2, 1 + 4*d}"""
"15,4,""{2*d^2, -1 + 8*d}"""
"15,4,""{2*d^2, 1 + 8*d}"""
"15,4,""{2*d^2, -1 + 14*d}"""
"15,4,""{2*d^2, 1 + 14*d}"""
"15,4,""{-3 + 2*d^2, 3 + 2*d}"""
"15,4,""{-1 + 2*d^2, -1 + 2*d}"""
"15,4,""{-1 + 2*d^2, 1 + 2*d}"""
"15,4,""{1 + 2*d^2, -1 + 2*d}"""
"15,4,""{1 + 2*d^2, 1 + 2*d}"""
"15,4,""{1/4 - (7*d)/4 + 2*d^2, -6 + 8*d}"""
"15,4,""{-1/2 - (3*d)/2 + 2*d^2, -4 + 4*d}"""
"15,4,""{1/2 - (3*d)/2 + 2*d^2, -2 + 4*d}"""
"15,4,""{-2 - d + 2*d^2, 2 + 2*d}"""
"15,4,""{-1 - d + 2*d^2, -2 + 2*d}"""
"15,4,""{-d + 2*d^2, 2*d}"""
"15,4,""{-d + 2*d^2, -2 + 2*d}"""
"15,4,""{-d + 2*d^2, -3 + 4*d}"""
"15,4,""{-d + 2*d^2, -1 + 4*d}"""
"15,4,""{-d + 2*d^2, -5 + 8*d}"""
"15,4,""{-d + 2*d^2, -3 + 8*d}"""
"15,4,""{-d + 2*d^2, -6 + 14*d}"""
"15,4,""{1 - d + 2*d^2, 2*d}"""
"15,4,""{1/4 - (3*d)/4 + 2*d^2, -2 + 8*d}"""
"15,4,""{-1/2 - d/2 + 2*d^2, -2 + 4*d}"""
"15,4,""{1/2 - d/2 + 2*d^2, 4*d}"""
"15,4,""{-1/4 - d/4 + 2*d^2, -2 + 8*d}"""
"15,4,""{1/4 + d/4 + 2*d^2, 8*d}"""
"15,4,""{-1/2 + d/2 + 2*d^2, 2 + 4*d}"""
"15,4,""{1/2 + d/2 + 2*d^2, 4*d}"""
"15,4,""{-1/4 + (3*d)/4 + 2*d^2, 4 + 8*d}"""
"15,4,""{-5 + d + 2*d^2, 4 + 2*d}"""
"15,4,""{-3 + d + 2*d^2, -2 + 2*d}"""
"15,4,""{-2 + d + 2*d^2, -2 + 2*d}"""
"15,4,""{-1 + d + 2*d^2, 2 + 2*d}"""
"15,4,""{d + 2*d^2, 2*d}"""
"15,4,""{d + 2*d^2, 2 + 2*d}"""
"15,4,""{d + 2*d^2, 1 + 4*d}"""
"15,4,""{d + 2*d^2, 3 + 4*d}"""
"15,4,""{d + 2*d^2, 3 + 8*d}"""
"15,4,""{d + 2*d^2, 6 + 14*d}"""
"15,4,""{1 + d + 2*d^2, 2*d}"""
"15,4,""{1/4 + (5*d)/4 + 2*d^2, 4 + 8*d}"""
"15,4,""{-1/2 + (3*d)/2 + 2*d^2, 4 + 4*d}"""
"15,4,""{1/2 + (3*d)/2 + 2*d^2, 2 + 4*d}"""
"15,4,""{-1/4 + (7*d)/4 + 2*d^2, 8 + 8*d}"""
"15,4,""{-1 + 2*d + 2*d^2, -1 + 2*d}"""
"15,4,""{-1 + 2*d + 2*d^2, 3 + 2*d}"""
"15,4,""{1 + 2*d + 2*d^2, 1 + 2*d}"""
"10,5,""{2*d^2, -1 + 2*d}"""
"10,5,""{2*d^2, 1 + 2*d}"""
"10,5,""{-3 + 2*d^2, 3 + 2*d}"""
"10,5,""{-1 + 2*d^2, -1 + 2*d}"""
"10,5,""{-1 + 2*d^2, 1 + 2*d}"""
"10,5,""{1 + 2*d^2, -1 + 2*d}"""
"10,5,""{1 + 2*d^2, 1 + 2*d}"""
"10,5,""{-2 - d + 2*d^2, 2 + 2*d}"""
"10,5,""{-1 - d + 2*d^2, -2 + 2*d}"""
"10,5,""{-d + 2*d^2, 2*d}"""
"10,5,""{-d + 2*d^2, -2 + 2*d}"""
"10,5,""{1 - d + 2*d^2, 2*d}"""
"10,5,""{-1 + (3*d)/5 + 2*d^2, -6 + 10*d}"""
"10,5,""{-1 + (4*d)/5 + 2*d^2, -5 + 10*d}"""
"10,5,""{-5 + d + 2*d^2, 4 + 2*d}"""
"10,5,""{-3 + d + 2*d^2, -2 + 2*d}"""
"10,5,""{-2 + d + 2*d^2, -2 + 2*d}"""
"10,5,""{-1 + d + 2*d^2, 2 + 2*d}"""
"10,5,""{d + 2*d^2, 2*d}"""
"10,5,""{d + 2*d^2, 2 + 2*d}"""
"10,5,""{1 + d + 2*d^2, 2*d}"""
"10,5,""{-1 + (6*d)/5 + 2*d^2, -5 + 10*d}"""
"10,5,""{(9*d)/5 + 2*d^2, 10*d}"""
"10,5,""{-1 + 2*d + 2*d^2, -1 + 2*d}"""
"10,5,""{-1 + 2*d + 2*d^2, 3 + 2*d}"""
"10,5,""{1 + 2*d + 2*d^2, 1 + 2*d}"""
"11,5,""{2*d^2, -1 + 2*d}"""
"11,5,""{2*d^2, 1 + 2*d}"""
"11,5,""{2*d^2, -1 + 6*d}"""
"11,5,""{2*d^2, 1 + 6*d}"""
"11,5,""{2*d^2, -1 + 10*d}"""
"11,5,""{2*d^2, 1 + 10*d}"""
"11,5,""{-3 + 2*d^2, 3 + 2*d}"""
"11,5,""{-1 + 2*d^2, -1 + 2*d}"""
"11,5,""{-1 + 2*d^2, 1 + 2*d}"""
"11,5,""{1 + 2*d^2, -1 + 2*d}"""
"11,5,""{1 + 2*d^2, 1 + 2*d}"""
"11,5,""{-1/5 - (9*d)/5 + 2*d^2, -10 + 10*d}"""
"11,5,""{1/5 - (6*d)/5 + 2*d^2, -5 + 10*d}"""
"11,5,""{-2 - d + 2*d^2, 2 + 2*d}"""
"11,5,""{-1 - d + 2*d^2, -2 + 2*d}"""
"11,5,""{-d + 2*d^2, 2*d}"""
"11,5,""{-d + 2*d^2, -2 + 2*d}"""
"11,5,""{-d + 2*d^2, -4 + 6*d}"""
"11,5,""{-d + 2*d^2, -2 + 6*d}"""
"11,5,""{-d + 2*d^2, -6 + 10*d}"""
"11,5,""{-d + 2*d^2, -4 + 10*d}"""
"11,5,""{1 - d + 2*d^2, 2*d}"""
"11,5,""{-1/5 - (4*d)/5 + 2*d^2, -5 + 10*d}"""
"11,5,""{-9/5 - d/5 + 2*d^2, -10 + 10*d}"""
"11,5,""{1/5 - d/5 + 2*d^2, 10*d}"""
"11,5,""{-11/5 + d/5 + 2*d^2, -10 + 10*d}"""
"11,5,""{-1/5 + d/5 + 2*d^2, 2 + 10*d}"""
"11,5,""{-7/5 + (2*d)/5 + 2*d^2, -7 + 10*d}"""
"11,5,""{1/5 + (4*d)/5 + 2*d^2, 3 + 10*d}"""
"11,5,""{-5 + d + 2*d^2, 4 + 2*d}"""
"11,5,""{-3 + d + 2*d^2, -2 + 2*d}"""
"11,5,""{-2 + d + 2*d^2, -2 + 2*d}"""
"11,5,""{-1 + d + 2*d^2, 2 + 2*d}"""
"11,5,""{d + 2*d^2, 2*d}"""
"11,5,""{d + 2*d^2, 2 + 2*d}"""
"11,5,""{d + 2*d^2, 2 + 6*d}"""
"11,5,""{d + 2*d^2, 4 + 6*d}"""
"11,5,""{d + 2*d^2, 4 + 10*d}"""
"11,5,""{d + 2*d^2, 6 + 10*d}"""
"11,5,""{1 + d + 2*d^2, 2*d}"""
"11,5,""{-1/5 + (6*d)/5 + 2*d^2, 7 + 10*d}"""
"11,5,""{-2/5 + (7*d)/5 + 2*d^2, -2 + 10*d}"""
"11,5,""{-3/5 + (8*d)/5 + 2*d^2, -3 + 10*d}"""
"11,5,""{1/5 + (9*d)/5 + 2*d^2, 8 + 10*d}"""
"11,5,""{-1 + 2*d + 2*d^2, -1 + 2*d}"""
"11,5,""{-1 + 2*d + 2*d^2, 3 + 2*d}"""
"11,5,""{1 + 2*d + 2*d^2, 1 + 2*d}"""
"12,5,""{2*d^2, -1 + 2*d}"""
"12,5,""{2*d^2, 1 + 2*d}"""
"12,5,""{2*d^2, -1 + 10*d}"""
"12,5,""{2*d^2, 1 + 10*d}"""
"12,5,""{-3 + 2*d^2, 3 + 2*d}"""
"12,5,""{-1 + 2*d^2, -1 + 2*d}"""
"12,5,""{-1 + 2*d^2, 1 + 2*d}"""
"12,5,""{1 + 2*d^2, -1 + 2*d}"""
"12,5,""{1 + 2*d^2, 1 + 2*d}"""
"12,5,""{-2/5 - (9*d)/5 + 2*d^2, 2 + 10*d}"""
"12,5,""{1/5 - (8*d)/5 + 2*d^2, -7 + 10*d}"""
"12,5,""{-3/5 - (6*d)/5 + 2*d^2, 3 + 10*d}"""
"12,5,""{-2 - d + 2*d^2, 2 + 2*d}"""
"12,5,""{-1 - d + 2*d^2, -2 + 2*d}"""
"12,5,""{-d + 2*d^2, 2*d}"""
"12,5,""{-d + 2*d^2, -2 + 2*d}"""
"12,5,""{-d + 2*d^2, -6 + 10*d}"""
"12,5,""{-d + 2*d^2, -4 + 10*d}"""
"12,5,""{1 - d + 2*d^2, 2*d}"""
"12,5,""{-7/5 - (4*d)/5 + 2*d^2, 7 + 10*d}"""
"12,5,""{-9/5 - (3*d)/5 + 2*d^2, 8 + 10*d}"""
"12,5,""{1/5 - (3*d)/5 + 2*d^2, -2 + 10*d}"""
"12,5,""{-1/5 - (2*d)/5 + 2*d^2, -3 + 10*d}"""
"12,5,""{-8/5 - d/5 + 2*d^2, 8 + 10*d}"""
"12,5,""{-7/5 + d/5 + 2*d^2, -8 + 10*d}"""
"12,5,""{-9/5 + (2*d)/5 + 2*d^2, -9 + 10*d}"""
"12,5,""{1/5 + (2*d)/5 + 2*d^2, 1 + 10*d}"""
"12,5,""{-6/5 + (3*d)/5 + 2*d^2, -6 + 10*d}"""
"12,5,""{-1/5 + (3*d)/5 + 2*d^2, 4 + 10*d}"""
"12,5,""{-5 + d + 2*d^2, 4 + 2*d}"""
"12,5,""{-3 + d + 2*d^2, -2 + 2*d}"""
"12,5,""{-2 + d + 2*d^2, -2 + 2*d}"""
"12,5,""{-1 + d + 2*d^2, 2 + 2*d}"""
"12,5,""{d + 2*d^2, 2*d}"""
"12,5,""{d + 2*d^2, 2 + 2*d}"""
"12,5,""{d + 2*d^2, 4 + 10*d}"""
"12,5,""{1 + d + 2*d^2, 2*d}"""
"12,5,""{-4/5 + (7*d)/5 + 2*d^2, -4 + 10*d}"""
"12,5,""{1/5 + (7*d)/5 + 2*d^2, 6 + 10*d}"""
"12,5,""{-1/5 + (8*d)/5 + 2*d^2, -1 + 10*d}"""
"12,5,""{-1/5 + (8*d)/5 + 2*d^2, 9 + 10*d}"""
"12,5,""{-1 + 2*d + 2*d^2, -1 + 2*d}"""
"12,5,""{-1 + 2*d + 2*d^2, 3 + 2*d}"""
"12,5,""{1 + 2*d + 2*d^2, 1 + 2*d}"""
"13,5,""{2*d^2, -1 + 2*d}"""
"13,5,""{2*d^2, 1 + 2*d}"""
"13,5,""{2*d^2, -1 + 10*d}"""
"13,5,""{2*d^2, 1 + 10*d}"""
"13,5,""{-3 + 2*d^2, 3 + 2*d}"""
"13,5,""{-1 + 2*d^2, -1 + 2*d}"""
"13,5,""{-1 + 2*d^2, 1 + 2*d}"""
"13,5,""{1 + 2*d^2, -1 + 2*d}"""
"13,5,""{1 + 2*d^2, 1 + 2*d}"""
"13,5,""{-1/5 - (8*d)/5 + 2*d^2, -9 + 10*d}"""
"13,5,""{-1/5 - (8*d)/5 + 2*d^2, 1 + 10*d}"""
"13,5,""{-4/5 - (7*d)/5 + 2*d^2, 4 + 10*d}"""
"13,5,""{1/5 - (7*d)/5 + 2*d^2, -6 + 10*d}"""
"13,5,""{-2 - d + 2*d^2, 2 + 2*d}"""
"13,5,""{-1 - d + 2*d^2, -2 + 2*d}"""
"13,5,""{-d + 2*d^2, 2*d}"""
"13,5,""{-d + 2*d^2, -2 + 2*d}"""
"13,5,""{-d + 2*d^2, -4 + 10*d}"""
"13,5,""{1 - d + 2*d^2, 2*d}"""
"13,5,""{-11/5 - (3*d)/5 + 2*d^2, -12 + 10*d}"""
"13,5,""{-6/5 - (3*d)/5 + 2*d^2, 6 + 10*d}"""
"13,5,""{-1/5 - (3*d)/5 + 2*d^2, -4 + 10*d}"""
"13,5,""{-9/5 - (2*d)/5 + 2*d^2, 9 + 10*d}"""
"13,5,""{1/5 - (2*d)/5 + 2*d^2, -1 + 10*d}"""
"13,5,""{-7/5 - d/5 + 2*d^2, 8 + 10*d}"""
"13,5,""{-13/5 + d/5 + 2*d^2, 12 + 10*d}"""
"13,5,""{-8/5 + d/5 + 2*d^2, -8 + 10*d}"""
"13,5,""{-1/5 + (2*d)/5 + 2*d^2, 3 + 10*d}"""
"13,5,""{-9/5 + (3*d)/5 + 2*d^2, -8 + 10*d}"""
"13,5,""{1/5 + (3*d)/5 + 2*d^2, 2 + 10*d}"""
"13,5,""{-7/5 + (4*d)/5 + 2*d^2, -7 + 10*d}"""
"13,5,""{-5 + d + 2*d^2, 4 + 2*d}"""
"13,5,""{-3 + d + 2*d^2, -2 + 2*d}"""
"13,5,""{-2 + d + 2*d^2, -2 + 2*d}"""
"13,5,""{-1 + d + 2*d^2, 2 + 2*d}"""
"13,5,""{d + 2*d^2, 2*d}"""
"13,5,""{d + 2*d^2, 2 + 2*d}"""
"13,5,""{d + 2*d^2, 4 + 10*d}"""
"13,5,""{d + 2*d^2, 6 + 10*d}"""
"13,5,""{1 + d + 2*d^2, 2*d}"""
"13,5,""{-3/5 + (6*d)/5 + 2*d^2, -3 + 10*d}"""
"13,5,""{-1/5 + (7*d)/5 + 2*d^2, 8 + 10*d}"""
"13,5,""{1/5 + (8*d)/5 + 2*d^2, 7 + 10*d}"""
"13,5,""{-2/5 + (9*d)/5 + 2*d^2, -2 + 10*d}"""
"13,5,""{-1 + 2*d + 2*d^2, -1 + 2*d}"""
"13,5,""{-1 + 2*d + 2*d^2, 3 + 2*d}"""
"13,5,""{1 + 2*d + 2*d^2, 1 + 2*d}"""
"14,5,""{2*d^2, -1 + 2*d}"""
"14,5,""{2*d^2, 1 + 2*d}"""
"14,5,""{2*d^2, -1 + 6*d}"""
"14,5,""{2*d^2, 1 + 6*d}"""
"14,5,""{2*d^2, -1 + 10*d}"""
"14,5,""{2*d^2, 1 + 10*d}"""
"14,5,""{-3 + 2*d^2, 3 + 2*d}"""
"14,5,""{-1 + 2*d^2, -1 + 2*d}"""
"14,5,""{-1 + 2*d^2, 1 + 2*d}"""
"14,5,""{1 + 2*d^2, -1 + 2*d}"""
"14,5,""{1 + 2*d^2, 1 + 2*d}"""
"14,5,""{1/5 - (9*d)/5 + 2*d^2, -8 + 10*d}"""
"14,5,""{-3/5 - (8*d)/5 + 2*d^2, 3 + 10*d}"""
"14,5,""{-2/5 - (7*d)/5 + 2*d^2, 2 + 10*d}"""
"14,5,""{-1/5 - (6*d)/5 + 2*d^2, -7 + 10*d}"""
"14,5,""{-2 - d + 2*d^2, 2 + 2*d}"""
"14,5,""{-1 - d + 2*d^2, -2 + 2*d}"""
"14,5,""{-d + 2*d^2, 2*d}"""
"14,5,""{-d + 2*d^2, -2 + 2*d}"""
"14,5,""{-d + 2*d^2, -4 + 6*d}"""
"14,5,""{-d + 2*d^2, -2 + 6*d}"""
"14,5,""{-d + 2*d^2, -6 + 10*d}"""
"14,5,""{-d + 2*d^2, -4 + 10*d}"""
"14,5,""{1 - d + 2*d^2, 2*d}"""
"14,5,""{1/5 - (4*d)/5 + 2*d^2, -3 + 10*d}"""
"14,5,""{-8/5 - (3*d)/5 + 2*d^2, 8 + 10*d}"""
"14,5,""{-7/5 - (2*d)/5 + 2*d^2, 7 + 10*d}"""
"14,5,""{-11/5 - d/5 + 2*d^2, 10 + 10*d}"""
"14,5,""{-1/5 - d/5 + 2*d^2, -2 + 10*d}"""
"14,5,""{-9/5 + d/5 + 2*d^2, 10 + 10*d}"""
"14,5,""{1/5 + d/5 + 2*d^2, 10*d}"""
"14,5,""{-1/5 + (4*d)/5 + 2*d^2, 5 + 10*d}"""
"14,5,""{-5 + d + 2*d^2, 4 + 2*d}"""
"14,5,""{-3 + d + 2*d^2, -2 + 2*d}"""
"14,5,""{-2 + d + 2*d^2, -2 + 2*d}"""
"14,5,""{-1 + d + 2*d^2, 2 + 2*d}"""
"14,5,""{d + 2*d^2, 2*d}"""
"14,5,""{d + 2*d^2, 2 + 2*d}"""
"14,5,""{d + 2*d^2, 2 + 6*d}"""
"14,5,""{d + 2*d^2, 4 + 6*d}"""
"14,5,""{d + 2*d^2, 4 + 10*d}"""
"14,5,""{d + 2*d^2, 6 + 10*d}"""
"14,5,""{1 + d + 2*d^2, 2*d}"""
"14,5,""{1/5 + (6*d)/5 + 2*d^2, 5 + 10*d}"""
"14,5,""{-1/5 + (9*d)/5 + 2*d^2, 10 + 10*d}"""
"14,5,""{-1 + 2*d + 2*d^2, -1 + 2*d}"""
"14,5,""{-1 + 2*d + 2*d^2, 3 + 2*d}"""
"14,5,""{1 + 2*d + 2*d^2, 1 + 2*d}"""
"12,6,""{2*d^2, -1 + 2*d}"""
"12,6,""{2*d^2, 1 + 2*d}"""
"12,6,""{2*d^2, -1 + 10*d}"""
"12,6,""{2*d^2, 1 + 10*d}"""
"12,6,""{-3 + 2*d^2, 3 + 2*d}"""
"12,6,""{-3 + 2*d^2, -5 + 4*d}"""
"12,6,""{-3 + 2*d^2, 5 + 4*d}"""
"12,6,""{-1 + 2*d^2, -1 + 2*d}"""
"12,6,""{-1 + 2*d^2, 1 + 2*d}"""
"12,6,""{-1 + 2*d^2, -3 + 4*d}"""
"12,6,""{-1 + 2*d^2, 3 + 4*d}"""
"12,6,""{1 + 2*d^2, -1 + 2*d}"""
"12,6,""{1 + 2*d^2, 1 + 2*d}"""
"12,6,""{(-5*d)/3 + 2*d^2, 6*d}"""
"12,6,""{-1 - (3*d)/2 + 2*d^2, 2 + 4*d}"""
"12,6,""{(-3*d)/2 + 2*d^2, 4*d}"""
"12,6,""{-1 - (4*d)/3 + 2*d^2, 3 + 6*d}"""
"12,6,""{-2 - d + 2*d^2, 2 + 2*d}"""
"12,6,""{-1 - d + 2*d^2, -2 + 2*d}"""
"12,6,""{-d + 2*d^2, 2*d}"""
"12,6,""{-d + 2*d^2, -2 + 2*d}"""
"12,6,""{-d + 2*d^2, -6 + 10*d}"""
"12,6,""{-d + 2*d^2, -4 + 10*d}"""
"12,6,""{1 - d + 2*d^2, 2*d}"""
"12,6,""{-1 - (2*d)/3 + 2*d^2, 3 + 6*d}"""
"12,6,""{-2 - d/2 + 2*d^2, 4 + 4*d}"""
"12,6,""{-1 - d/2 + 2*d^2, 2 + 4*d}"""
"12,6,""{-3 - d/3 + 2*d^2, -8 + 6*d}"""
"12,6,""{-1 - d/3 + 2*d^2, 4 + 6*d}"""
"12,6,""{-2 + d/3 + 2*d^2, -6 + 6*d}"""
"12,6,""{-1 + d/3 + 2*d^2, -4 + 6*d}"""
"12,6,""{-2 + d/2 + 2*d^2, -4 + 4*d}"""
"12,6,""{-1 + d/2 + 2*d^2, -2 + 4*d}"""
"12,6,""{-1 + (2*d)/3 + 2*d^2, -3 + 6*d}"""
"12,6,""{-1 + (2*d)/3 + 2*d^2, -7 + 12*d}"""
"12,6,""{-1 + (5*d)/6 + 2*d^2, -6 + 12*d}"""
"12,6,""{-5 + d + 2*d^2, 4 + 2*d}"""
"12,6,""{-3 + d + 2*d^2, -2 + 2*d}"""
"12,6,""{-2 + d + 2*d^2, -2 + 2*d}"""
"12,6,""{-1 + d + 2*d^2, 2 + 2*d}"""
"12,6,""{d + 2*d^2, 2*d}"""
"12,6,""{d + 2*d^2, 2 + 2*d}"""
"12,6,""{d + 2*d^2, 4 + 10*d}"""
"12,6,""{d + 2*d^2, 6 + 10*d}"""
"12,6,""{1 + d + 2*d^2, 2*d}"""
"12,6,""{-1 + (7*d)/6 + 2*d^2, -6 + 12*d}"""
"12,6,""{-1 + (4*d)/3 + 2*d^2, -3 + 6*d}"""
"12,6,""{-1 + (3*d)/2 + 2*d^2, -2 + 4*d}"""
"12,6,""{(3*d)/2 + 2*d^2, 4*d}"""
"12,6,""{(5*d)/3 + 2*d^2, 6*d}"""
"12,6,""{(11*d)/6 + 2*d^2, 12*d}"""
"12,6,""{-1 + 2*d + 2*d^2, -1 + 2*d}"""
"12,6,""{-1 + 2*d + 2*d^2, 3 + 2*d}"""
"12,6,""{1 + 2*d + 2*d^2, 1 + 2*d}"""
"13,6,""{2*d^2, -1 + 2*d}"""
"13,6,""{2*d^2, 1 + 2*d}"""
"13,6,""{2*d^2, -1 + 4*d}"""
"13,6,""{2*d^2, 1 + 4*d}"""
"13,6,""{2*d^2, -1 + 6*d}"""
"13,6,""{2*d^2, 1 + 6*d}"""
"13,6,""{2*d^2, -1 + 8*d}"""
"13,6,""{2*d^2, 1 + 8*d}"""
"13,6,""{2*d^2, -1 + 12*d}"""
"13,6,""{2*d^2, 1 + 12*d}"""
"13,6,""{-3 + 2*d^2, 3 + 2*d}"""
"13,6,""{-1 + 2*d^2, -1 + 2*d}"""
"13,6,""{-1 + 2*d^2, 1 + 2*d}"""
"13,6,""{1 + 2*d^2, -1 + 2*d}"""
"13,6,""{1 + 2*d^2, 1 + 2*d}"""
"13,6,""{-1/6 - (11*d)/6 + 2*d^2, -12 + 12*d}"""
"13,6,""{-1/3 - (5*d)/3 + 2*d^2, -6 + 6*d}"""
"13,6,""{-1/2 - (3*d)/2 + 2*d^2, -4 + 4*d}"""
"13,6,""{1/2 - (3*d)/2 + 2*d^2, -2 + 4*d}"""
"13,6,""{1/3 - (4*d)/3 + 2*d^2, -3 + 6*d}"""
"13,6,""{1/6 - (7*d)/6 + 2*d^2, -6 + 12*d}"""
"13,6,""{-2 - d + 2*d^2, 2 + 2*d}"""
"13,6,""{-1 - d + 2*d^2, -2 + 2*d}"""
"13,6,""{-d + 2*d^2, 2*d}"""
"13,6,""{-d + 2*d^2, -2 + 2*d}"""
"13,6,""{-d + 2*d^2, -3 + 4*d}"""
"13,6,""{-d + 2*d^2, -1 + 4*d}"""
"13,6,""{-d + 2*d^2, -4 + 6*d}"""
"13,6,""{-d + 2*d^2, -2 + 6*d}"""
"13,6,""{-d + 2*d^2, -5 + 8*d}"""
"13,6,""{-d + 2*d^2, -3 + 8*d}"""
"13,6,""{-d + 2*d^2, -7 + 12*d}"""
"13,6,""{-d + 2*d^2, -5 + 12*d}"""
"13,6,""{1 - d + 2*d^2, 2*d}"""
"13,6,""{-1/6 - (5*d)/6 + 2*d^2, -6 + 12*d}"""
"13,6,""{-1/3 - (2*d)/3 + 2*d^2, -3 + 6*d}"""
"13,6,""{-1/2 - d/2 + 2*d^2, -2 + 4*d}"""
"13,6,""{1/2 - d/2 + 2*d^2, 4*d}"""
"13,6,""{-5/3 - d/3 + 2*d^2, -6 + 6*d}"""
"13,6,""{1/3 - d/3 + 2*d^2, 6*d}"""
"13,6,""{1/6 - d/6 + 2*d^2, 12*d}"""
"13,6,""{-1/6 + d/6 + 2*d^2, 2 + 12*d}"""
"13,6,""{-7/3 + d/3 + 2*d^2, -6 + 6*d}"""
"13,6,""{-4/3 + d/3 + 2*d^2, -4 + 6*d}"""
"13,6,""{-1/3 + d/3 + 2*d^2, 2 + 6*d}"""
"13,6,""{-1/2 + d/2 + 2*d^2, 2 + 4*d}"""
"13,6,""{1/2 + d/2 + 2*d^2, 4*d}"""
"13,6,""{-5/3 + (2*d)/3 + 2*d^2, -5 + 6*d}"""
"13,6,""{1/3 + (2*d)/3 + 2*d^2, 1 + 6*d}"""
"13,6,""{1/6 + (5*d)/6 + 2*d^2, 4 + 12*d}"""
"13,6,""{-5 + d + 2*d^2, 4 + 2*d}"""
"13,6,""{-3 + d + 2*d^2, -2 + 2*d}"""
"13,6,""{-2 + d + 2*d^2, -2 + 2*d}"""
"13,6,""{-1 + d + 2*d^2, 2 + 2*d}"""
"13,6,""{d + 2*d^2, 2*d}"""
"13,6,""{d + 2*d^2, 2 + 2*d}"""
"13,6,""{d + 2*d^2, 1 + 4*d}"""
"13,6,""{d + 2*d^2, 3 + 4*d}"""
"13,6,""{d + 2*d^2, 2 + 6*d}"""
"13,6,""{d + 2*d^2, 4 + 6*d}"""
"13,6,""{d + 2*d^2, 3 + 8*d}"""
"13,6,""{d + 2*d^2, 5 + 8*d}"""
"13,6,""{d + 2*d^2, 5 + 12*d}"""
"13,6,""{d + 2*d^2, 7 + 12*d}"""
"13,6,""{1 + d + 2*d^2, 2*d}"""
"13,6,""{-1/6 + (7*d)/6 + 2*d^2, 8 + 12*d}"""
"13,6,""{-1/3 + (4*d)/3 + 2*d^2, -1 + 6*d}"""
"13,6,""{-1/3 + (4*d)/3 + 2*d^2, 5 + 6*d}"""
"13,6,""{-1/2 + (3*d)/2 + 2*d^2, 4 + 4*d}"""
"13,6,""{1/2 + (3*d)/2 + 2*d^2, 2 + 4*d}"""
"13,6,""{-2/3 + (5*d)/3 + 2*d^2, -2 + 6*d}"""
"13,6,""{1/3 + (5*d)/3 + 2*d^2, 4 + 6*d}"""
"13,6,""{1/6 + (11*d)/6 + 2*d^2, 10 + 12*d}"""
"13,6,""{-1 + 2*d + 2*d^2, -1 + 2*d}"""
"13,6,""{-1 + 2*d + 2*d^2, 3 + 2*d}"""
"13,6,""{1 + 2*d + 2*d^2, 1 + 2*d}"""
"14,6,""{2*d^2, -1 + 2*d}"""
"14,6,""{2*d^2, 1 + 2*d}"""
"14,6,""{2*d^2, -1 + 6*d}"""
"14,6,""{2*d^2, 1 + 6*d}"""
"14,6,""{-3 + 2*d^2, 3 + 2*d}"""
"14,6,""{-3 + 2*d^2, -5 + 4*d}"""
"14,6,""{-3 + 2*d^2, 5 + 4*d}"""
"14,6,""{-1 + 2*d^2, -1 + 2*d}"""
"14,6,""{-1 + 2*d^2, 1 + 2*d}"""
"14,6,""{-1 + 2*d^2, -3 + 4*d}"""
"14,6,""{-1 + 2*d^2, 3 + 4*d}"""
"14,6,""{1 + 2*d^2, -1 + 2*d}"""
"14,6,""{1 + 2*d^2, 1 + 2*d}"""
"14,6,""{-1/3 - (11*d)/6 + 2*d^2, 2 + 12*d}"""
"14,6,""{-2/3 - (5*d)/3 + 2*d^2, 2 + 6*d}"""
"14,6,""{1/3 - (5*d)/3 + 2*d^2, -4 + 6*d}"""
"14,6,""{-1 - (3*d)/2 + 2*d^2, 2 + 4*d}"""
"14,6,""{(-3*d)/2 + 2*d^2, 4*d}"""
"14,6,""{-1/3 - (4*d)/3 + 2*d^2, -5 + 6*d}"""
"14,6,""{-1/3 - (4*d)/3 + 2*d^2, 1 + 6*d}"""
"14,6,""{-2/3 - (7*d)/6 + 2*d^2, 4 + 12*d}"""
"14,6,""{-2 - d + 2*d^2, 2 + 2*d}"""
"14,6,""{-1 - d + 2*d^2, -2 + 2*d}"""
"14,6,""{-d + 2*d^2, 2*d}"""
"14,6,""{-d + 2*d^2, -2 + 2*d}"""
"14,6,""{-d + 2*d^2, -4 + 6*d}"""
"14,6,""{-d + 2*d^2, -2 + 6*d}"""
"14,6,""{1 - d + 2*d^2, 2*d}"""
"14,6,""{-4/3 - (5*d)/6 + 2*d^2, 8 + 12*d}"""
"14,6,""{-5/3 - (2*d)/3 + 2*d^2, 5 + 6*d}"""
"14,6,""{-5/3 - (2*d)/3 + 2*d^2, 9 + 12*d}"""
"14,6,""{1/3 - (2*d)/3 + 2*d^2, -1 + 6*d}"""
"14,6,""{-2 - d/2 + 2*d^2, 4 + 4*d}"""
"14,6,""{-1 - d/2 + 2*d^2, 2 + 4*d}"""
"14,6,""{-7/3 - d/3 + 2*d^2, 6 + 6*d}"""
"14,6,""{-4/3 - d/3 + 2*d^2, 4 + 6*d}"""
"14,6,""{-1/3 - d/3 + 2*d^2, -2 + 6*d}"""
"14,6,""{-5/3 - d/6 + 2*d^2, 10 + 12*d}"""
"14,6,""{-5/3 + d/3 + 2*d^2, 6 + 6*d}"""
"14,6,""{1/3 + d/3 + 2*d^2, 6*d}"""
"14,6,""{-2 + d/2 + 2*d^2, -4 + 4*d}"""
"14,6,""{-1 + d/2 + 2*d^2, -2 + 4*d}"""
"14,6,""{-1/3 + (2*d)/3 + 2*d^2, 3 + 6*d}"""
"14,6,""{-5 + d + 2*d^2, 4 + 2*d}"""
"14,6,""{-3 + d + 2*d^2, -2 + 2*d}"""
"14,6,""{-2 + d + 2*d^2, -2 + 2*d}"""
"14,6,""{-1 + d + 2*d^2, 2 + 2*d}"""
"14,6,""{d + 2*d^2, 2*d}"""
"14,6,""{d + 2*d^2, 2 + 2*d}"""
"14,6,""{d + 2*d^2, 2 + 6*d}"""
"14,6,""{d + 2*d^2, 4 + 6*d}"""
"14,6,""{1 + d + 2*d^2, 2*d}"""
"14,6,""{1/3 + (4*d)/3 + 2*d^2, 3 + 6*d}"""
"14,6,""{-1 + (3*d)/2 + 2*d^2, -2 + 4*d}"""
"14,6,""{(3*d)/2 + 2*d^2, 4*d}"""
"14,6,""{-1/3 + (5*d)/3 + 2*d^2, 6 + 6*d}"""
"14,6,""{-1 + 2*d + 2*d^2, -1 + 2*d}"""
"14,6,""{-1 + 2*d + 2*d^2, 3 + 2*d}"""
"14,6,""{1 + 2*d + 2*d^2, 1 + 2*d}"""
"15,6,""{2*d^2, -1 + 2*d}"""
"15,6,""{2*d^2, 1 + 2*d}"""
"15,6,""{2*d^2, -1 + 4*d}"""
"15,6,""{2*d^2, 1 + 4*d}"""
"15,6,""{2*d^2, -1 + 8*d}"""
"15,6,""{2*d^2, 1 + 8*d}"""
"15,6,""{-3 + 2*d^2, 3 + 2*d}"""
"15,6,""{-1 + 2*d^2, -1 + 2*d}"""
"15,6,""{-1 + 2*d^2, 1 + 2*d}"""
"15,6,""{1 + 2*d^2, -1 + 2*d}"""
"15,6,""{1 + 2*d^2, 1 + 2*d}"""
"15,6,""{(-5*d)/3 + 2*d^2, 6*d}"""
"15,6,""{-1/2 - (3*d)/2 + 2*d^2, -4 + 4*d}"""
"15,6,""{1/2 - (3*d)/2 + 2*d^2, -2 + 4*d}"""
"15,6,""{-1 - (4*d)/3 + 2*d^2, 3 + 6*d}"""
"15,6,""{-2 - d + 2*d^2, 2 + 2*d}"""
"15,6,""{-1 - d + 2*d^2, -2 + 2*d}"""
"15,6,""{-d + 2*d^2, 2*d}"""
"15,6,""{-d + 2*d^2, -2 + 2*d}"""
"15,6,""{-d + 2*d^2, -3 + 4*d}"""
"15,6,""{-d + 2*d^2, -1 + 4*d}"""
"15,6,""{-d + 2*d^2, -5 + 8*d}"""
"15,6,""{-d + 2*d^2, -3 + 8*d}"""
"15,6,""{1 - d + 2*d^2, 2*d}"""
"15,6,""{-1 - (2*d)/3 + 2*d^2, 3 + 6*d}"""
"15,6,""{-1/2 - d/2 + 2*d^2, -2 + 4*d}"""
"15,6,""{1/2 - d/2 + 2*d^2, 4*d}"""
"15,6,""{-3 - d/3 + 2*d^2, -8 + 6*d}"""
"15,6,""{-2 - d/3 + 2*d^2, 6 + 6*d}"""
"15,6,""{-1 - d/3 + 2*d^2, 4 + 6*d}"""
"15,6,""{-2 + d/3 + 2*d^2, -6 + 6*d}"""
"15,6,""{-1 + d/3 + 2*d^2, -4 + 6*d}"""
"15,6,""{-1/2 + d/2 + 2*d^2, 2 + 4*d}"""
"15,6,""{1/2 + d/2 + 2*d^2, 4*d}"""
"15,6,""{-1 + (2*d)/3 + 2*d^2, -3 + 6*d}"""
"15,6,""{-5 + d + 2*d^2, 4 + 2*d}"""
"15,6,""{-3 + d + 2*d^2, -2 + 2*d}"""
"15,6,""{-2 + d + 2*d^2, -2 + 2*d}"""
"15,6,""{-1 + d + 2*d^2, 2 + 2*d}"""
"15,6,""{d + 2*d^2, 2*d}"""
"15,6,""{d + 2*d^2, 2 + 2*d}"""
"15,6,""{d + 2*d^2, 1 + 4*d}"""
"15,6,""{d + 2*d^2, 3 + 4*d}"""
"15,6,""{d + 2*d^2, 3 + 8*d}"""
"15,6,""{1 + d + 2*d^2, 2*d}"""
"15,6,""{-1 + (4*d)/3 + 2*d^2, -3 + 6*d}"""
"15,6,""{-1/2 + (3*d)/2 + 2*d^2, 4 + 4*d}"""
"15,6,""{1/2 + (3*d)/2 + 2*d^2, 2 + 4*d}"""
"15,6,""{(5*d)/3 + 2*d^2, 6*d}"""
"15,6,""{-1 + 2*d + 2*d^2, -1 + 2*d}"""
"15,6,""{-1 + 2*d + 2*d^2, 3 + 2*d}"""
"15,6,""{1 + 2*d + 2*d^2, 1 + 2*d}"""
"16,6,""{2*d^2, -1 + 2*d}"""
"16,6,""{2*d^2, 1 + 2*d}"""
"16,6,""{2*d^2, -1 + 6*d}"""
"16,6,""{2*d^2, 1 + 6*d}"""
"16,6,""{2*d^2, -1 + 10*d}"""
"16,6,""{2*d^2, 1 + 10*d}"""
"16,6,""{-3 + 2*d^2, 3 + 2*d}"""
"16,6,""{-3 + 2*d^2, -5 + 4*d}"""
"16,6,""{-3 + 2*d^2, 5 + 4*d}"""
"16,6,""{-1 + 2*d^2, -1 + 2*d}"""
"16,6,""{-1 + 2*d^2, 1 + 2*d}"""
"16,6,""{-1 + 2*d^2, -3 + 4*d}"""
"16,6,""{-1 + 2*d^2, 3 + 4*d}"""
"16,6,""{1 + 2*d^2, -1 + 2*d}"""
"16,6,""{1 + 2*d^2, 1 + 2*d}"""
"16,6,""{-1/3 - (5*d)/3 + 2*d^2, -6 + 6*d}"""
"16,6,""{-1 - (3*d)/2 + 2*d^2, 2 + 4*d}"""
"16,6,""{(-3*d)/2 + 2*d^2, 4*d}"""
"16,6,""{1/3 - (4*d)/3 + 2*d^2, -3 + 6*d}"""
"16,6,""{-2 - d + 2*d^2, 2 + 2*d}"""
"16,6,""{-1 - d + 2*d^2, -2 + 2*d}"""
"16,6,""{-d + 2*d^2, 2*d}"""
"16,6,""{-d + 2*d^2, -2 + 2*d}"""
"16,6,""{-d + 2*d^2, -4 + 6*d}"""
"16,6,""{-d + 2*d^2, -2 + 6*d}"""
"16,6,""{-d + 2*d^2, -6 + 10*d}"""
"16,6,""{-d + 2*d^2, -4 + 10*d}"""
"16,6,""{1 - d + 2*d^2, 2*d}"""
"16,6,""{-7/3 - (2*d)/3 + 2*d^2, -15 + 12*d}"""
"16,6,""{-1/3 - (2*d)/3 + 2*d^2, -3 + 6*d}"""
"16,6,""{-2 - d/2 + 2*d^2, 4 + 4*d}"""
"16,6,""{-1 - d/2 + 2*d^2, 2 + 4*d}"""
"16,6,""{-5/3 - d/3 + 2*d^2, -6 + 6*d}"""
"16,6,""{1/3 - d/3 + 2*d^2, 6*d}"""
"16,6,""{-5/3 + d/6 + 2*d^2, -10 + 12*d}"""
"16,6,""{-7/3 + d/3 + 2*d^2, -6 + 6*d}"""
"16,6,""{-4/3 + d/3 + 2*d^2, -4 + 6*d}"""
"16,6,""{-1/3 + d/3 + 2*d^2, 2 + 6*d}"""
"16,6,""{-2 + d/2 + 2*d^2, -4 + 4*d}"""
"16,6,""{-1 + d/2 + 2*d^2, -2 + 4*d}"""
"16,6,""{-5/3 + (2*d)/3 + 2*d^2, -5 + 6*d}"""
"16,6,""{-5/3 + (2*d)/3 + 2*d^2, -9 + 12*d}"""
"16,6,""{1/3 + (2*d)/3 + 2*d^2, 1 + 6*d}"""
"16,6,""{-4/3 + (5*d)/6 + 2*d^2, -8 + 12*d}"""
"16,6,""{-5 + d + 2*d^2, 4 + 2*d}"""
"16,6,""{-3 + d + 2*d^2, -2 + 2*d}"""
"16,6,""{-2 + d + 2*d^2, -2 + 2*d}"""
"16,6,""{-1 + d + 2*d^2, 2 + 2*d}"""
"16,6,""{d + 2*d^2, 2*d}"""
"16,6,""{d + 2*d^2, 2 + 2*d}"""
"16,6,""{d + 2*d^2, 2 + 6*d}"""
"16,6,""{d + 2*d^2, 4 + 6*d}"""
"16,6,""{d + 2*d^2, 4 + 10*d}"""
"16,6,""{d + 2*d^2, 6 + 10*d}"""
"16,6,""{1 + d + 2*d^2, 2*d}"""
"16,6,""{-2/3 + (7*d)/6 + 2*d^2, -4 + 12*d}"""
"16,6,""{-1/3 + (4*d)/3 + 2*d^2, -1 + 6*d}"""
"16,6,""{-1/3 + (4*d)/3 + 2*d^2, 5 + 6*d}"""
"16,6,""{-1 + (3*d)/2 + 2*d^2, -2 + 4*d}"""
"16,6,""{(3*d)/2 + 2*d^2, 4*d}"""
"16,6,""{-2/3 + (5*d)/3 + 2*d^2, -2 + 6*d}"""
"16,6,""{1/3 + (5*d)/3 + 2*d^2, 4 + 6*d}"""
"16,6,""{-1/3 + (11*d)/6 + 2*d^2, -2 + 12*d}"""
"16,6,""{-1 + 2*d + 2*d^2, -1 + 2*d}"""
"16,6,""{-1 + 2*d + 2*d^2, 3 + 2*d}"""
"16,6,""{1 + 2*d + 2*d^2, 1 + 2*d}"""
"17,6,""{2*d^2, -1 + 2*d}"""
"17,6,""{2*d^2, 1 + 2*d}"""
"17,6,""{2*d^2, -1 + 4*d}"""
"17,6,""{2*d^2, 1 + 4*d}"""
"17,6,""{2*d^2, -1 + 6*d}"""
"17,6,""{2*d^2, 1 + 6*d}"""
"17,6,""{2*d^2, -1 + 8*d}"""
"17,6,""{2*d^2, 1 + 8*d}"""
"17,6,""{2*d^2, -1 + 10*d}"""
"17,6,""{2*d^2, 1 + 10*d}"""
"17,6,""{2*d^2, -1 + 12*d}"""
"17,6,""{2*d^2, 1 + 12*d}"""
"17,6,""{2*d^2, -1 + 14*d}"""
"17,6,""{2*d^2, 1 + 14*d}"""
"17,6,""{2*d^2, -1 + 16*d}"""
"17,6,""{2*d^2, 1 + 16*d}"""
"17,6,""{-3 + 2*d^2, 3 + 2*d}"""
"17,6,""{-1 + 2*d^2, -1 + 2*d}"""
"17,6,""{-1 + 2*d^2, 1 + 2*d}"""
"17,6,""{1 + 2*d^2, -1 + 2*d}"""
"17,6,""{1 + 2*d^2, 1 + 2*d}"""
"17,6,""{1/6 - (11*d)/6 + 2*d^2, -10 + 12*d}"""
"17,6,""{-2/3 - (5*d)/3 + 2*d^2, 2 + 6*d}"""
"17,6,""{1/3 - (5*d)/3 + 2*d^2, -4 + 6*d}"""
"17,6,""{-1/2 - (3*d)/2 + 2*d^2, -4 + 4*d}"""
"17,6,""{1/2 - (3*d)/2 + 2*d^2, -2 + 4*d}"""
"17,6,""{-1/3 - (4*d)/3 + 2*d^2, -5 + 6*d}"""
"17,6,""{-1/3 - (4*d)/3 + 2*d^2, 1 + 6*d}"""
"17,6,""{-1/6 - (7*d)/6 + 2*d^2, -8 + 12*d}"""
"17,6,""{-2 - d + 2*d^2, 2 + 2*d}"""
"17,6,""{-1 - d + 2*d^2, -2 + 2*d}"""
"17,6,""{-d + 2*d^2, 2*d}"""
"17,6,""{-d + 2*d^2, -2 + 2*d}"""
"17,6,""{-d + 2*d^2, -3 + 4*d}"""
"17,6,""{-d + 2*d^2, -1 + 4*d}"""
"17,6,""{-d + 2*d^2, -4 + 6*d}"""
"17,6,""{-d + 2*d^2, -2 + 6*d}"""
"17,6,""{-d + 2*d^2, -5 + 8*d}"""
"17,6,""{-d + 2*d^2, -3 + 8*d}"""
"17,6,""{-d + 2*d^2, -6 + 10*d}"""
"17,6,""{-d + 2*d^2, -4 + 10*d}"""
"17,6,""{-d + 2*d^2, -7 + 12*d}"""
"17,6,""{-d + 2*d^2, -5 + 12*d}"""
"17,6,""{-d + 2*d^2, -6 + 14*d}"""
"17,6,""{-d + 2*d^2, -7 + 16*d}"""
"17,6,""{1 - d + 2*d^2, 2*d}"""
"17,6,""{1/6 - (5*d)/6 + 2*d^2, -4 + 12*d}"""
"17,6,""{-5/3 - (2*d)/3 + 2*d^2, 5 + 6*d}"""
"17,6,""{1/3 - (2*d)/3 + 2*d^2, -1 + 6*d}"""
"17,6,""{-1/2 - d/2 + 2*d^2, -2 + 4*d}"""
"17,6,""{1/2 - d/2 + 2*d^2, 4*d}"""
"17,6,""{-7/3 - d/3 + 2*d^2, 6 + 6*d}"""
"17,6,""{-4/3 - d/3 + 2*d^2, 4 + 6*d}"""
"17,6,""{-1/3 - d/3 + 2*d^2, -2 + 6*d}"""
"17,6,""{-1/6 - d/6 + 2*d^2, -2 + 12*d}"""
"17,6,""{1/6 + d/6 + 2*d^2, 12*d}"""
"17,6,""{-5/3 + d/3 + 2*d^2, 6 + 6*d}"""
"17,6,""{1/3 + d/3 + 2*d^2, 6*d}"""
"17,6,""{-1/2 + d/2 + 2*d^2, 2 + 4*d}"""
"17,6,""{1/2 + d/2 + 2*d^2, 4*d}"""
"17,6,""{-1/3 + (2*d)/3 + 2*d^2, 3 + 6*d}"""
"17,6,""{-1/6 + (5*d)/6 + 2*d^2, 6 + 12*d}"""
"17,6,""{-5 + d + 2*d^2, 4 + 2*d}"""
"17,6,""{-3 + d + 2*d^2, -2 + 2*d}"""
"17,6,""{-2 + d + 2*d^2, -2 + 2*d}"""
"17,6,""{-1 + d + 2*d^2, 2 + 2*d}"""
"17,6,""{d + 2*d^2, 2*d}"""
"17,6,""{d + 2*d^2, 2 + 2*d}"""
"17,6,""{d + 2*d^2, 1 + 4*d}"""
"17,6,""{d + 2*d^2, 3 + 4*d}"""
"17,6,""{d + 2*d^2, 2 + 6*d}"""
"17,6,""{d + 2*d^2, 4 + 6*d}"""
"17,6,""{d + 2*d^2, 3 + 8*d}"""
"17,6,""{d + 2*d^2, 5 + 8*d}"""
"17,6,""{d + 2*d^2, 4 + 10*d}"""
"17,6,""{d + 2*d^2, 6 + 10*d}"""
"17,6,""{d + 2*d^2, 5 + 12*d}"""
"17,6,""{d + 2*d^2, 7 + 12*d}"""
"17,6,""{d + 2*d^2, 6 + 14*d}"""
"17,6,""{d + 2*d^2, 7 + 16*d}"""
"17,6,""{1 + d + 2*d^2, 2*d}"""
"17,6,""{1/6 + (7*d)/6 + 2*d^2, 6 + 12*d}"""
"17,6,""{1/3 + (4*d)/3 + 2*d^2, 3 + 6*d}"""
"17,6,""{-1/2 + (3*d)/2 + 2*d^2, 4 + 4*d}"""
"17,6,""{1/2 + (3*d)/2 + 2*d^2, 2 + 4*d}"""
"17,6,""{-1/3 + (5*d)/3 + 2*d^2, 6 + 6*d}"""
"17,6,""{-1/6 + (11*d)/6 + 2*d^2, 12 + 12*d}"""
"17,6,""{-1 + 2*d + 2*d^2, -1 + 2*d}"""
"17,6,""{-1 + 2*d + 2*d^2, 3 + 2*d}"""
"17,6,""{1 + 2*d + 2*d^2, 1 + 2*d}"""
"14,7,""{2*d^2, -1 + 2*d}"""
"14,7,""{2*d^2, 1 + 2*d}"""
"14,7,""{2*d^2, -1 + 10*d}"""
"14,7,""{2*d^2, 1 + 10*d}"""
"14,7,""{-3 + 2*d^2, 3 + 2*d}"""
"14,7,""{-1 + 2*d^2, -1 + 2*d}"""
"14,7,""{-1 + 2*d^2, 1 + 2*d}"""
"14,7,""{1 + 2*d^2, -1 + 2*d}"""
"14,7,""{1 + 2*d^2, 1 + 2*d}"""
"14,7,""{-2 - d + 2*d^2, 2 + 2*d}"""
"14,7,""{-1 - d + 2*d^2, -2 + 2*d}"""
"14,7,""{-d + 2*d^2, 2*d}"""
"14,7,""{-d + 2*d^2, -2 + 2*d}"""
"14,7,""{-d + 2*d^2, -4 + 10*d}"""
"14,7,""{1 - d + 2*d^2, 2*d}"""
"14,7,""{-1 + (5*d)/7 + 2*d^2, -8 + 14*d}"""
"14,7,""{-1 + (6*d)/7 + 2*d^2, -7 + 14*d}"""
"14,7,""{-5 + d + 2*d^2, 4 + 2*d}"""
"14,7,""{-3 + d + 2*d^2, -2 + 2*d}"""
"14,7,""{-2 + d + 2*d^2, -2 + 2*d}"""
"14,7,""{-1 + d + 2*d^2, 2 + 2*d}"""
"14,7,""{d + 2*d^2, 2*d}"""
"14,7,""{d + 2*d^2, 2 + 2*d}"""
"14,7,""{d + 2*d^2, 4 + 10*d}"""
"14,7,""{1 + d + 2*d^2, 2*d}"""
"14,7,""{-1 + (8*d)/7 + 2*d^2, -7 + 14*d}"""
"14,7,""{(13*d)/7 + 2*d^2, 14*d}"""
"14,7,""{-1 + 2*d + 2*d^2, -1 + 2*d}"""
"14,7,""{-1 + 2*d + 2*d^2, 3 + 2*d}"""
"14,7,""{1 + 2*d + 2*d^2, 1 + 2*d}"""
"15,7,""{2*d^2, -1 + 2*d}"""
"15,7,""{2*d^2, 1 + 2*d}"""
"15,7,""{2*d^2, -1 + 14*d}"""
"15,7,""{2*d^2, 1 + 14*d}"""
"15,7,""{-3 + 2*d^2, 3 + 2*d}"""
"15,7,""{-1 + 2*d^2, -1 + 2*d}"""
"15,7,""{-1 + 2*d^2, 1 + 2*d}"""
"15,7,""{1 + 2*d^2, -1 + 2*d}"""
"15,7,""{1 + 2*d^2, 1 + 2*d}"""
"15,7,""{-1/7 - (13*d)/7 + 2*d^2, -14 + 14*d}"""
"15,7,""{1/7 - (8*d)/7 + 2*d^2, -7 + 14*d}"""
"15,7,""{-2 - d + 2*d^2, 2 + 2*d}"""
"15,7,""{-1 - d + 2*d^2, -2 + 2*d}"""
"15,7,""{-d + 2*d^2, 2*d}"""
"15,7,""{-d + 2*d^2, -2 + 2*d}"""
"15,7,""{-d + 2*d^2, -8 + 14*d}"""
"15,7,""{-d + 2*d^2, -6 + 14*d}"""
"15,7,""{1 - d + 2*d^2, 2*d}"""
"15,7,""{-1/7 - (6*d)/7 + 2*d^2, -7 + 14*d}"""
"15,7,""{-13/7 - d/7 + 2*d^2, -14 + 14*d}"""
"15,7,""{1/7 - d/7 + 2*d^2, 14*d}"""
"15,7,""{-15/7 + d/7 + 2*d^2, -14 + 14*d}"""
"15,7,""{-1/7 + d/7 + 2*d^2, 2 + 14*d}"""
"15,7,""{-10/7 + (3*d)/7 + 2*d^2, -10 + 14*d}"""
"15,7,""{1/7 + (6*d)/7 + 2*d^2, 5 + 14*d}"""
"15,7,""{-5 + d + 2*d^2, 4 + 2*d}"""
"15,7,""{-3 + d + 2*d^2, -2 + 2*d}"""
"15,7,""{-2 + d + 2*d^2, -2 + 2*d}"""
"15,7,""{-1 + d + 2*d^2, 2 + 2*d}"""
"15,7,""{d + 2*d^2, 2*d}"""
"15,7,""{d + 2*d^2, 2 + 2*d}"""
"15,7,""{d + 2*d^2, 6 + 14*d}"""
"15,7,""{d + 2*d^2, 8 + 14*d}"""
"15,7,""{1 + d + 2*d^2, 2*d}"""
"15,7,""{-1/7 + (8*d)/7 + 2*d^2, 9 + 14*d}"""
"15,7,""{-3/7 + (10*d)/7 + 2*d^2, -3 + 14*d}"""
"15,7,""{-4/7 + (11*d)/7 + 2*d^2, -4 + 14*d}"""
"15,7,""{1/7 + (13*d)/7 + 2*d^2, 12 + 14*d}"""
"15,7,""{-1 + 2*d + 2*d^2, -1 + 2*d}"""
"15,7,""{-1 + 2*d + 2*d^2, 3 + 2*d}"""
"15,7,""{1 + 2*d + 2*d^2, 1 + 2*d}"""
"16,7,""{2*d^2, -1 + 2*d}"""
"16,7,""{2*d^2, 1 + 2*d}"""
"16,7,""{2*d^2, -1 + 6*d}"""
"16,7,""{2*d^2, 1 + 6*d}"""
"16,7,""{2*d^2, -1 + 10*d}"""
"16,7,""{2*d^2, 1 + 10*d}"""
"16,7,""{2*d^2, -1 + 14*d}"""
"16,7,""{2*d^2, 1 + 14*d}"""
"16,7,""{-3 + 2*d^2, 3 + 2*d}"""
"16,7,""{-1 + 2*d^2, -1 + 2*d}"""
"16,7,""{-1 + 2*d^2, 1 + 2*d}"""
"16,7,""{1 + 2*d^2, -1 + 2*d}"""
"16,7,""{1 + 2*d^2, 1 + 2*d}"""
"16,7,""{-2/7 - (13*d)/7 + 2*d^2, 2 + 14*d}"""
"16,7,""{1/7 - (11*d)/7 + 2*d^2, -10 + 14*d}"""
"16,7,""{-5/7 - (8*d)/7 + 2*d^2, 5 + 14*d}"""
"16,7,""{-2 - d + 2*d^2, 2 + 2*d}"""
"16,7,""{-1 - d + 2*d^2, -2 + 2*d}"""
"16,7,""{-d + 2*d^2, 2*d}"""
"16,7,""{-d + 2*d^2, -2 + 2*d}"""
"16,7,""{-d + 2*d^2, -4 + 6*d}"""
"16,7,""{-d + 2*d^2, -2 + 6*d}"""
"16,7,""{-d + 2*d^2, -6 + 10*d}"""
"16,7,""{-d + 2*d^2, -4 + 10*d}"""
"16,7,""{-d + 2*d^2, -8 + 14*d}"""
"16,7,""{-d + 2*d^2, -6 + 14*d}"""
"16,7,""{1 - d + 2*d^2, 2*d}"""
"16,7,""{-9/7 - (6*d)/7 + 2*d^2, 9 + 14*d}"""
"16,7,""{-11/7 - (5*d)/7 + 2*d^2, 10 + 14*d}"""
"16,7,""{1/7 - (4*d)/7 + 2*d^2, -3 + 14*d}"""
"16,7,""{-1/7 - (3*d)/7 + 2*d^2, -4 + 14*d}"""
"16,7,""{-12/7 - d/7 + 2*d^2, 12 + 14*d}"""
"16,7,""{-11/7 + (2*d)/7 + 2*d^2, -11 + 14*d}"""
"16,7,""{-13/7 + (3*d)/7 + 2*d^2, -12 + 14*d}"""
"16,7,""{1/7 + (3*d)/7 + 2*d^2, 2 + 14*d}"""
"16,7,""{-1/7 + (4*d)/7 + 2*d^2, 5 + 14*d}"""
"16,7,""{-10/7 + (5*d)/7 + 2*d^2, -10 + 14*d}"""
"16,7,""{-5 + d + 2*d^2, 4 + 2*d}"""
"16,7,""{-3 + d + 2*d^2, -2 + 2*d}"""
"16,7,""{-2 + d + 2*d^2, -2 + 2*d}"""
"16,7,""{-1 + d + 2*d^2, 2 + 2*d}"""
"16,7,""{d + 2*d^2, 2*d}"""
"16,7,""{d + 2*d^2, 2 + 2*d}"""
"16,7,""{d + 2*d^2, 2 + 6*d}"""
"16,7,""{d + 2*d^2, 4 + 6*d}"""
"16,7,""{d + 2*d^2, 4 + 10*d}"""
"16,7,""{d + 2*d^2, 6 + 10*d}"""
"16,7,""{d + 2*d^2, 6 + 14*d}"""
"16,7,""{1 + d + 2*d^2, 2*d}"""
"16,7,""{-4/7 + (9*d)/7 + 2*d^2, -4 + 14*d}"""
"16,7,""{1/7 + (10*d)/7 + 2*d^2, 9 + 14*d}"""
"16,7,""{-1/7 + (11*d)/7 + 2*d^2, 12 + 14*d}"""
"16,7,""{-3/7 + (12*d)/7 + 2*d^2, -3 + 14*d}"""
"16,7,""{-1 + 2*d + 2*d^2, -1 + 2*d}"""
"16,7,""{-1 + 2*d + 2*d^2, 3 + 2*d}"""
"16,7,""{1 + 2*d + 2*d^2, 1 + 2*d}"""
"16,7,""{345/7 - (38*d)/7 + (15*d^2)/7, -1 + 2*d}"""
"17,7,""{2*d^2, -1 + 2*d}"""
"17,7,""{2*d^2, 1 + 2*d}"""
"17,7,""{2*d^2, -1 + 14*d}"""
"17,7,""{2*d^2, 1 + 14*d}"""
"17,7,""{-405/7 + (47*d)/7 + (13*d^2)/7, -2 + 2*d}"""
"17,7,""{-3 + 2*d^2, 3 + 2*d}"""
"17,7,""{-1 + 2*d^2, -1 + 2*d}"""
"17,7,""{-1 + 2*d^2, 1 + 2*d}"""
"17,7,""{1 + 2*d^2, -1 + 2*d}"""
"17,7,""{1 + 2*d^2, 1 + 2*d}"""
"17,7,""{1/7 - (12*d)/7 + 2*d^2, -11 + 14*d}"""
"17,7,""{-2/7 - (11*d)/7 + 2*d^2, 2 + 14*d}"""
"17,7,""{-5/7 - (10*d)/7 + 2*d^2, 5 + 14*d}"""
"17,7,""{-1/7 - (9*d)/7 + 2*d^2, -10 + 14*d}"""
"17,7,""{-2 - d + 2*d^2, 2 + 2*d}"""
"17,7,""{-1 - d + 2*d^2, -2 + 2*d}"""
"17,7,""{-d + 2*d^2, 2*d}"""
"17,7,""{-d + 2*d^2, -2 + 2*d}"""
"17,7,""{-d + 2*d^2, -6 + 14*d}"""
"17,7,""{1 - d + 2*d^2, 2*d}"""
"17,7,""{1/7 - (5*d)/7 + 2*d^2, -4 + 14*d}"""
"17,7,""{-9/7 - (4*d)/7 + 2*d^2, 9 + 14*d}"""
"17,7,""{-12/7 - (3*d)/7 + 2*d^2, 12 + 14*d}"""
"17,7,""{-1/7 - (2*d)/7 + 2*d^2, -3 + 14*d}"""
"17,7,""{-11/7 - d/7 + 2*d^2, 12 + 14*d}"""
"17,7,""{-17/7 + d/7 + 2*d^2, 16 + 14*d}"""
"17,7,""{-13/7 + (2*d)/7 + 2*d^2, -13 + 14*d}"""
"17,7,""{1/7 + (2*d)/7 + 2*d^2, 1 + 14*d}"""
"17,7,""{-9/7 + (3*d)/7 + 2*d^2, -10 + 14*d}"""
"17,7,""{-8/7 + (5*d)/7 + 2*d^2, -8 + 14*d}"""
"17,7,""{-5 + d + 2*d^2, 4 + 2*d}"""
"17,7,""{-3 + d + 2*d^2, -2 + 2*d}"""
"17,7,""{-2 + d + 2*d^2, -2 + 2*d}"""
"17,7,""{-1 + d + 2*d^2, 2 + 2*d}"""
"17,7,""{d + 2*d^2, 2*d}"""
"17,7,""{d + 2*d^2, 2 + 2*d}"""
"17,7,""{d + 2*d^2, 6 + 14*d}"""
"17,7,""{d + 2*d^2, 8 + 14*d}"""
"17,7,""{1 + d + 2*d^2, 2*d}"""
"17,7,""{1/7 + (9*d)/7 + 2*d^2, 8 + 14*d}"""
"17,7,""{-1/7 + (12*d)/7 + 2*d^2, -1 + 14*d}"""
"17,7,""{-1/7 + (12*d)/7 + 2*d^2, 13 + 14*d}"""
"17,7,""{-1 + 2*d + 2*d^2, -1 + 2*d}"""
"17,7,""{-1 + 2*d + 2*d^2, 3 + 2*d}"""
"17,7,""{1 + 2*d + 2*d^2, 1 + 2*d}"""
"17,7,""{384/7 - (47*d)/7 + (15*d^2)/7, -2 + 2*d}"""
"18,7,""{2*d^2, -1 + 2*d}"""
"18,7,""{2*d^2, 1 + 2*d}"""
"18,7,""{2*d^2, -1 + 14*d}"""
"18,7,""{2*d^2, 1 + 14*d}"""
"18,7,""{-3 + 2*d^2, 3 + 2*d}"""
"18,7,""{-1 + 2*d^2, -1 + 2*d}"""
"18,7,""{-1 + 2*d^2, 1 + 2*d}"""
"18,7,""{1 + 2*d^2, -1 + 2*d}"""
"18,7,""{1 + 2*d^2, 1 + 2*d}"""
"18,7,""{-1/7 - (12*d)/7 + 2*d^2, -13 + 14*d}"""
"18,7,""{-1/7 - (12*d)/7 + 2*d^2, 1 + 14*d}"""
"18,7,""{1/7 - (9*d)/7 + 2*d^2, -8 + 14*d}"""
"18,7,""{-2 - d + 2*d^2, 2 + 2*d}"""
"18,7,""{-1 - d + 2*d^2, -2 + 2*d}"""
"18,7,""{-d + 2*d^2, 2*d}"""
"18,7,""{-d + 2*d^2, -2 + 2*d}"""
"18,7,""{-d + 2*d^2, -8 + 14*d}"""
"18,7,""{-d + 2*d^2, -6 + 14*d}"""
"18,7,""{1 - d + 2*d^2, 2*d}"""
"18,7,""{-8/7 - (5*d)/7 + 2*d^2, 8 + 14*d}"""
"18,7,""{-9/7 - (3*d)/7 + 2*d^2, 10 + 14*d}"""
"18,7,""{-13/7 - (2*d)/7 + 2*d^2, 13 + 14*d}"""
"18,7,""{1/7 - (2*d)/7 + 2*d^2, -1 + 14*d}"""
"18,7,""{-17/7 - d/7 + 2*d^2, -16 + 14*d}"""
"18,7,""{-11/7 + d/7 + 2*d^2, -12 + 14*d}"""
"18,7,""{-1/7 + (2*d)/7 + 2*d^2, 3 + 14*d}"""
"18,7,""{-12/7 + (3*d)/7 + 2*d^2, -12 + 14*d}"""
"18,7,""{-9/7 + (4*d)/7 + 2*d^2, -9 + 14*d}"""
"18,7,""{1/7 + (5*d)/7 + 2*d^2, 4 + 14*d}"""
"18,7,""{-5 + d + 2*d^2, 4 + 2*d}"""
"18,7,""{-3 + d + 2*d^2, -2 + 2*d}"""
"18,7,""{-2 + d + 2*d^2, -2 + 2*d}"""
"18,7,""{-1 + d + 2*d^2, 2 + 2*d}"""
"18,7,""{d + 2*d^2, 2*d}"""
"18,7,""{d + 2*d^2, 2 + 2*d}"""
"18,7,""{d + 2*d^2, 6 + 14*d}"""
"18,7,""{d + 2*d^2, 8 + 14*d}"""
"18,7,""{1 + d + 2*d^2, 2*d}"""
"18,7,""{-1/7 + (9*d)/7 + 2*d^2, 10 + 14*d}"""
"18,7,""{-2/7 + (11*d)/7 + 2*d^2, -2 + 14*d}"""
"18,7,""{1/7 + (12*d)/7 + 2*d^2, 11 + 14*d}"""
"18,7,""{-1 + 2*d + 2*d^2, -1 + 2*d}"""
"18,7,""{-1 + 2*d + 2*d^2, 3 + 2*d}"""
"18,7,""{1 + 2*d + 2*d^2, 1 + 2*d}"""
"18,7,""{407/7 - (41*d)/7 + (15*d^2)/7, -1 + 2*d}"""
"19,7,""{2*d^2, -1 + 2*d}"""
"19,7,""{2*d^2, 1 + 2*d}"""
"19,7,""{2*d^2, -1 + 6*d}"""
"19,7,""{2*d^2, 1 + 6*d}"""
"19,7,""{2*d^2, -1 + 10*d}"""
"19,7,""{2*d^2, 1 + 10*d}"""
"19,7,""{2*d^2, -1 + 14*d}"""
"19,7,""{2*d^2, 1 + 14*d}"""
"19,7,""{2*d^2, -1 + 18*d}"""
"19,7,""{2*d^2, 1 + 18*d}"""
"19,7,""{-3 + 2*d^2, 3 + 2*d}"""
"19,7,""{-1 + 2*d^2, -1 + 2*d}"""
"19,7,""{-1 + 2*d^2, 1 + 2*d}"""
"19,7,""{1 + 2*d^2, -1 + 2*d}"""
"19,7,""{1 + 2*d^2, 1 + 2*d}"""
"19,7,""{-3/7 - (12*d)/7 + 2*d^2, 3 + 14*d}"""
"19,7,""{-1/7 - (11*d)/7 + 2*d^2, -12 + 14*d}"""
"19,7,""{1/7 - (10*d)/7 + 2*d^2, -9 + 14*d}"""
"19,7,""{-4/7 - (9*d)/7 + 2*d^2, 4 + 14*d}"""
"19,7,""{-2 - d + 2*d^2, 2 + 2*d}"""
"19,7,""{-1 - d + 2*d^2, -2 + 2*d}"""
"19,7,""{-d + 2*d^2, 2*d}"""
"19,7,""{-d + 2*d^2, -2 + 2*d}"""
"19,7,""{-d + 2*d^2, -4 + 6*d}"""
"19,7,""{-d + 2*d^2, -2 + 6*d}"""
"19,7,""{-d + 2*d^2, -4 + 10*d}"""
"19,7,""{-d + 2*d^2, -8 + 14*d}"""
"19,7,""{-d + 2*d^2, -6 + 14*d}"""
"19,7,""{-d + 2*d^2, -8 + 18*d}"""
"19,7,""{1 - d + 2*d^2, 2*d}"""
"19,7,""{-17/7 - (5*d)/7 + 2*d^2, -18 + 14*d}"""
"19,7,""{-10/7 - (5*d)/7 + 2*d^2, 10 + 14*d}"""
"19,7,""{-13/7 - (3*d)/7 + 2*d^2, 12 + 14*d}"""
"19,7,""{1/7 - (3*d)/7 + 2*d^2, -2 + 14*d}"""
"19,7,""{-11/7 - (2*d)/7 + 2*d^2, 11 + 14*d}"""
"19,7,""{-12/7 + d/7 + 2*d^2, -12 + 14*d}"""
"19,7,""{-15/7 + (3*d)/7 + 2*d^2, 16 + 14*d}"""
"19,7,""{1/7 + (4*d)/7 + 2*d^2, 3 + 14*d}"""
"19,7,""{-11/7 + (5*d)/7 + 2*d^2, -10 + 14*d}"""
"19,7,""{-9/7 + (6*d)/7 + 2*d^2, -9 + 14*d}"""
"19,7,""{-5 + d + 2*d^2, 4 + 2*d}"""
"19,7,""{-3 + d + 2*d^2, -2 + 2*d}"""
"19,7,""{-2 + d + 2*d^2, -2 + 2*d}"""
"19,7,""{-1 + d + 2*d^2, 2 + 2*d}"""
"19,7,""{d + 2*d^2, 2*d}"""
"19,7,""{d + 2*d^2, 2 + 2*d}"""
"19,7,""{d + 2*d^2, 2 + 6*d}"""
"19,7,""{d + 2*d^2, 4 + 6*d}"""
"19,7,""{d + 2*d^2, 4 + 10*d}"""
"19,7,""{d + 2*d^2, 6 + 14*d}"""
"19,7,""{d + 2*d^2, 8 + 14*d}"""
"19,7,""{d + 2*d^2, 8 + 18*d}"""
"19,7,""{1 + d + 2*d^2, 2*d}"""
"19,7,""{-5/7 + (8*d)/7 + 2*d^2, -5 + 14*d}"""
"19,7,""{-1/7 + (10*d)/7 + 2*d^2, 11 + 14*d}"""
"19,7,""{1/7 + (11*d)/7 + 2*d^2, 10 + 14*d}"""
"19,7,""{-2/7 + (13*d)/7 + 2*d^2, -2 + 14*d}"""
"19,7,""{-1 + 2*d + 2*d^2, -1 + 2*d}"""
"19,7,""{-1 + 2*d + 2*d^2, 3 + 2*d}"""
"19,7,""{1 + 2*d + 2*d^2, 1 + 2*d}"""
"20,7,""{2*d^2, -1 + 2*d}"""
"20,7,""{2*d^2, 1 + 2*d}"""
"20,7,""{2*d^2, -1 + 14*d}"""
"20,7,""{2*d^2, 1 + 14*d}"""
"20,7,""{-3 + 2*d^2, 3 + 2*d}"""
"20,7,""{-1 + 2*d^2, -1 + 2*d}"""
"20,7,""{-1 + 2*d^2, 1 + 2*d}"""
"20,7,""{1 + 2*d^2, -1 + 2*d}"""
"20,7,""{1 + 2*d^2, 1 + 2*d}"""
"20,7,""{1/7 - (13*d)/7 + 2*d^2, -12 + 14*d}"""
"20,7,""{-3/7 - (10*d)/7 + 2*d^2, 3 + 14*d}"""
"20,7,""{-1/7 - (8*d)/7 + 2*d^2, -9 + 14*d}"""
"20,7,""{-2 - d + 2*d^2, 2 + 2*d}"""
"20,7,""{-1 - d + 2*d^2, -2 + 2*d}"""
"20,7,""{-d + 2*d^2, 2*d}"""
"20,7,""{-d + 2*d^2, -2 + 2*d}"""
"20,7,""{-d + 2*d^2, -8 + 14*d}"""
"20,7,""{-d + 2*d^2, -6 + 14*d}"""
"20,7,""{1 - d + 2*d^2, 2*d}"""
"20,7,""{1/7 - (6*d)/7 + 2*d^2, -5 + 14*d}"""
"20,7,""{-11/7 - (4*d)/7 + 2*d^2, 11 + 14*d}"""
"20,7,""{-10/7 - (3*d)/7 + 2*d^2, 10 + 14*d}"""
"20,7,""{-15/7 - d/7 + 2*d^2, 14 + 14*d}"""
"20,7,""{-1/7 - d/7 + 2*d^2, -2 + 14*d}"""
"20,7,""{-13/7 + d/7 + 2*d^2, 14 + 14*d}"""
"20,7,""{1/7 + d/7 + 2*d^2, 14*d}"""
"20,7,""{-1/7 + (6*d)/7 + 2*d^2, 7 + 14*d}"""
"20,7,""{-5 + d + 2*d^2, 4 + 2*d}"""
"20,7,""{-3 + d + 2*d^2, -2 + 2*d}"""
"20,7,""{-2 + d + 2*d^2, -2 + 2*d}"""
"20,7,""{-1 + d + 2*d^2, 2 + 2*d}"""
"20,7,""{d + 2*d^2, 2*d}"""
"20,7,""{d + 2*d^2, 2 + 2*d}"""
"20,7,""{d + 2*d^2, 6 + 14*d}"""
"20,7,""{d + 2*d^2, 8 + 14*d}"""
"20,7,""{1 + d + 2*d^2, 2*d}"""
"20,7,""{1/7 + (8*d)/7 + 2*d^2, 7 + 14*d}"""
"20,7,""{-1/7 + (13*d)/7 + 2*d^2, 14 + 14*d}"""
"20,7,""{-1 + 2*d + 2*d^2, -1 + 2*d}"""
"20,7,""{-1 + 2*d + 2*d^2, 3 + 2*d}"""
"20,7,""{1 + 2*d + 2*d^2, 1 + 2*d}"""
